{"Linear Regression": {"train_rmse": [0.1774542473699873, 0.1846485865456895, 0.1757769433586588, 0.18269320794832986, 0.1413475367405775], "test_rmse": [0.21586400819005913, 0.16102810542486085, 0.22313262266582878, 0.2009127178334778, 0.33461714722378916], "test_rmse_average": 0.2271109202676031, "test_rmse_std": 0.05788470082113725}, "Random Forest": {"train_rmse": [0.07904120996486573, 0.0772786844039607, 0.0880565210131886, 0.0835695317402068, 0.07059387937819314], "test_rmse": [0.20700430784486082, 0.18470708853015252, 0.17378341018383564, 0.1759430913503363, 0.2411830012435946], "test_rmse_average": 0.19652417983055598, "test_rmse_std": 0.02523731708068745}, "Gaussian Process": {"train_rmse": [0.1961709926761234, 0.20402884847940123, 0.1156956873049915, 0.20328053331726537, 0.18537134377131348], "test_rmse": [0.22473884444593037, 0.20002092166504537, 0.3659902883030829, 0.20113001238429534, 0.25020995633145277], "test_rmse_average": 0.24841800462596136, "test_rmse_std": 0.06158829021197709}, "SVR": {"train_rmse": [0.12647727207360612, 0.1310958705379769, 0.13064221342049895, 0.13808728451656227, 0.11563105431643941], "test_rmse": [0.19487441373532152, 0.21472200350553328, 0.24678986126406727, 0.2258692786503682, 0.29132887356201365], "test_rmse_average": 0.2347168861434608, "test_rmse_std": 0.03291252632476223}, "AdaBoost": {"train_rmse": [0.031096690524063334, 0.017938486371053705, 0.06347640505636445, 0.07379857894952659, 0.05785646491946322], "test_rmse": [0.16859056524346785, 0.2629800864098889, 0.13578179714434063, 0.18075606086210272, 0.2537625347544055], "test_rmse_average": 0.20037420888284113, "test_rmse_std": 0.04967305231059253}, "Neural Net": {"train_rmse": [0.19602480477256753, 0.20384959921939194, 0.20159086593431205, 0.21084821508724413, 0.20307436701556292], "test_rmse": [0.22468758569725203, 0.20050245414823295, 0.20998406387854363, 0.1669323624384787, 0.20381840327308204], "test_rmse_average": 0.20118497388711787, "test_rmse_std": 0.019028604368956443}}