{"Linear Regression": {"train_rmse": [0.2298808579503895, 0.21954856171941958, 0.215462890931271, 0.20834819357840334, 0.22409155222100235], "test_rmse": [0.20952592315902085, 0.23909258914553658, 0.2564611719077254, 0.4409078327926197, 0.23038519466158144], "test_rmse_average": 0.2752745423332968, "test_rmse_std": 0.08418479436258018, "train_rmse_average": 0.21946641128009717}, "Random Forest": {"train_rmse": [0.07016545474186518, 0.07799563434628078, 0.07308362869391499, 0.06987356344952106, 0.07105984426579202], "test_rmse": [0.22701127436084473, 0.12666370668861932, 0.17676404727768205, 0.2304611552686537, 0.14897397538444815], "test_rmse_average": 0.1819748317960496, "test_rmse_std": 0.04136359288704958, "train_rmse_average": 0.0724356250994748}, "Gaussian Process": {"train_rmse": [0.23578517299325233, 0.2216250908349448, 0.21674258105863414, 0.21510149311813323, 0.22257113913972223], "test_rmse": [0.2114080368910134, 0.24945182475424543, 0.2518359748982708, 0.23568741887917471, 0.24255355128889652], "test_rmse_average": 0.23818736134232016, "test_rmse_std": 0.014530095202683715, "train_rmse_average": 0.22236509542893734}, "SVR": {"train_rmse": [0.1929312060926896, 0.18480493524348482, 0.18258204432009603, 0.1798214365939443, 0.182716466138829], "test_rmse": [0.22078281972609431, 0.2141150160673275, 0.2467922189735591, 0.25514299735169127, 0.25004728661081016], "test_rmse_average": 0.23737606774589642, "test_rmse_std": 0.016621070267114266, "train_rmse_average": 0.18457121767780876}, "AdaBoost": {"train_rmse": [0.1032988321707425, 0.11104518065681553, 0.10277766144334402, 0.1030201176887986, 0.10582872095366551], "test_rmse": [0.2059251776958486, 0.13523320129136077, 0.16876393361185218, 0.23569658552740377, 0.17790548614957583], "test_rmse_average": 0.18470487685520823, "test_rmse_std": 0.03405362708913007, "train_rmse_average": 0.10519410258267323}, "Neural Net": {"train_rmse": [0.31030473756227167, 0.2923248537363162, 0.29928674954920687, 0.30188746339409084, 0.2973584234068188], "test_rmse": [0.2572749008718982, 0.329588046832763, 0.30413246363265095, 0.29389269677045293, 0.31270249846881265], "test_rmse_average": 0.2995181213153156, "test_rmse_std": 0.024147279148231764, "train_rmse_average": 0.3002324455297409}}