{"Linear Regression": {"train_rmse": [0.234647404771125, 0.2250922652259952, 0.23405136692155742, 0.23358318087673205, 0.23629058083695043], "test_rmse": [0.2659960517859848, 0.2964230808753311, 0.4349191522413468, 0.2820625524988815, 0.26383424191603094], "test_rmse_average": 0.308647015863515, "test_rmse_std": 0.06423098963897991, "train_rmse_average": 0.232732959726472}, "Random Forest": {"train_rmse": [0.08566008708228232, 0.09289021810919743, 0.092271797246922, 0.08334286252316471, 0.08637239176713299], "test_rmse": [0.25156661086010923, 0.18262481648176285, 0.21856214445397415, 0.26123201780253236, 0.18464315540914827], "test_rmse_average": 0.21972574900150538, "test_rmse_std": 0.03269627616786296, "train_rmse_average": 0.08810747134573989}, "Gaussian Process": {"train_rmse": [0.25189334818392994, 0.23473036069401618, 0.26955817198188947, 0.24377572039020065, 0.24098180643023848], "test_rmse": [0.2797046565127715, 0.30592757534102616, 0.2407816792280616, 0.2711450163727836, 0.2694648740930515], "test_rmse_average": 0.27340476030953886, "test_rmse_std": 0.02089170531599108, "train_rmse_average": 0.24818788153605498}, "SVR": {"train_rmse": [0.18779679043850142, 0.19233086152394485, 0.21567545581736733, 0.20657553652831806, 0.19413380954414355], "test_rmse": [0.30518420331804985, 0.2861485268734396, 0.287124704944222, 0.29096277570268325, 0.29564019560182947], "test_rmse_average": 0.2930120812880449, "test_rmse_std": 0.00694315162383624, "train_rmse_average": 0.19930249077045503}, "AdaBoost": {"train_rmse": [0.09494103452579981, 0.12700803277629957, 0.1290784915845993, 0.11861488322658503, 0.11113103646748988], "test_rmse": [0.25165565526802797, 0.20548693069141086, 0.2092033577293085, 0.2838883294487434, 0.20402815996335308], "test_rmse_average": 0.23085248662016875, "test_rmse_std": 0.031866010607630585, "train_rmse_average": 0.11615469571615471}, "Neural Net": {"train_rmse": [0.3240930606433751, 0.29681125943792125, 0.3351895516065251, 0.320227366679684, 0.33380396769691356], "test_rmse": [0.31581656240212047, 0.41084223294703537, 0.2628229077630024, 0.3307436546164488, 0.26997529802152503], "test_rmse_average": 0.31804013115002644, "test_rmse_std": 0.05317466277584507, "train_rmse_average": 0.32202504121288383}}