{"Linear Regression": {"train_rmse": [0.22376572971667133, 0.22946563483904028, 0.23424810766356213, 0.21143065455097831, 0.2007360809590108], "test_rmse": [0.2680732075097044, 0.2254816037227867, 0.21354237886987174, 0.32819762016445514, 0.3455613001227644], "test_rmse_average": 0.2761712220779165, "test_rmse_std": 0.05306433129597059}, "Random Forest": {"train_rmse": [0.09225962644056748, 0.1013882386830426, 0.10711664302403792, 0.09125782161365009, 0.08567981909107078], "test_rmse": [0.23787513380428013, 0.2148102114170379, 0.17433334261701397, 0.3352302330221162, 0.29029368099113206], "test_rmse_average": 0.250508520370316, "test_rmse_std": 0.05656369334524768}, "Gaussian Process": {"train_rmse": [0.24750064865999244, 0.22782360834486787, 0.24061746564267897, 0.2259645045606343, 0.20755064675473953], "test_rmse": [0.3086503939861466, 0.23692341920832963, 0.2327329332295255, 0.33452538008142835, 0.3069997036282594], "test_rmse_average": 0.28396636602673786, "test_rmse_std": 0.0413133229384783}, "SVR": {"train_rmse": [0.15329560007206675, 0.15726737110001643, 0.1745618890316796, 0.16162754782713168, 0.17355756237491843], "test_rmse": [0.3012105279824786, 0.2705117413073353, 0.21987246034931096, 0.33369202227207373, 0.2528045548060423], "test_rmse_average": 0.2756182613434482, "test_rmse_std": 0.03919607608281838}, "AdaBoost": {"train_rmse": [0.10010459680784858, 0.10039534373306876, 0.1288962363237349, 0.09682654053760803, 0.08572862230888754], "test_rmse": [0.21363316756520268, 0.22283298558546047, 0.25776776932089107, 0.36068073861847155, 0.30866657880456994], "test_rmse_average": 0.27271624797891914, "test_rmse_std": 0.05519562513882327}, "Neural Net": {"train_rmse": [0.3104223360136282, 0.3236457280196713, 0.3504694579875972, 0.2939114181116132, 0.34005776069284205], "test_rmse": [0.3692877085311843, 0.3276483045178639, 0.18011411160255317, 0.42828400318265414, 0.24945222939605874], "test_rmse_average": 0.3109572714460629, "test_rmse_std": 0.08757784552150427}}