{"Linear Regression": {"train_rmse": [0.2309734226701717, 0.22654411513283304, 0.23242250276888135, 0.20878101949000744, 0.195358842423371], "test_rmse": [0.22937768755852, 0.24571645491243116, 0.20095690417270012, 0.32050459573112555, 0.35186100636449924], "test_rmse_average": 0.26968332974785525, "test_rmse_std": 0.05702323923500131}, "Random Forest": {"train_rmse": [0.09791065964602953, 0.1032685303337359, 0.10165615132039145, 0.09872993645827706, 0.08842854018399215], "test_rmse": [0.21524127210500896, 0.22018126436138133, 0.2385305352299991, 0.3459397878003758, 0.28914809192484403], "test_rmse_average": 0.2618081902843219, "test_rmse_std": 0.04953528838647771}, "Gaussian Process": {"train_rmse": [0.24180706872177712, 0.2682086445258169, 0.24167471712652977, 0.1128865338046381, 0.20159715078091472], "test_rmse": [0.22747014816189817, 0.3618340687609762, 0.2543772758523609, 0.3300012466130456, 0.3143931024061012], "test_rmse_average": 0.2976151683588764, "test_rmse_std": 0.049485883868579085}, "SVR": {"train_rmse": [0.15861360767997465, 0.1772568664327864, 0.17643164200553363, 0.12867522377458443, 0.16304684179690104], "test_rmse": [0.2334263480029765, 0.3109360521535885, 0.27347686345895544, 0.3211122183015556, 0.2893068043902107], "test_rmse_average": 0.28565165726145736, "test_rmse_std": 0.030938069255045633}, "AdaBoost": {"train_rmse": [0.13838052073811488, 0.1092338937236274, 0.11161465796237204, 0.09204808333898318, 0.0884646267229098], "test_rmse": [0.1982350705617072, 0.21380374664987625, 0.22707891926648527, 0.31472273268785705, 0.31518657817624535], "test_rmse_average": 0.2538054094684342, "test_rmse_std": 0.050756416369025455}, "Neural Net": {"train_rmse": [0.3382734040955821, 0.2967536897042069, 0.32642854357602746, 0.3352889247617718, 0.3460440678342771], "test_rmse": [0.2889581606568452, 0.434696897701831, 0.33910179303444143, 0.3025520616558722, 0.24945222939605874], "test_rmse_average": 0.32295222848900973, "test_rmse_std": 0.06280396938689681}}