{"Linear Regression": {"train_rmse": [0.22747644867248115, 0.215461981603335, 0.22546426243678197, 0.19957198239836688, 0.21820449088390934], "test_rmse": [0.21055371425553004, 0.24625419495801681, 0.2183121989845138, 0.4468771388970684, 0.246267481115472], "test_rmse_average": 0.2736529456421202, "test_rmse_std": 0.08780818592525122}, "Random Forest": {"train_rmse": [0.07234065686551963, 0.07832134629389996, 0.0748319012296316, 0.07371348372356405, 0.07304176860630285], "test_rmse": [0.2426601150843874, 0.14113556797109414, 0.1869877336166845, 0.1925202611284505, 0.17101161042877394], "test_rmse_average": 0.18686305764587813, "test_rmse_std": 0.03312884786699153}, "Gaussian Process": {"train_rmse": [0.23285363737684917, 0.21772945475116123, 0.22648982125769918, 0.20914093925038985, 0.21644989522118893], "test_rmse": [0.21129447769934442, 0.25504024707276307, 0.20432279983313598, 0.2629146801519942, 0.25848078358335397], "test_rmse_average": 0.23841059766811834, "test_rmse_std": 0.025207417891444903}, "SVR": {"train_rmse": [0.19071364124126772, 0.18166003181219614, 0.19160351235018144, 0.18034311355525479, 0.17405357531747628], "test_rmse": [0.2261867628381589, 0.2213149918126195, 0.24412973208004604, 0.26026118182455205, 0.2626138199402015], "test_rmse_average": 0.24290129769911556, "test_rmse_std": 0.016951710464880247}, "AdaBoost": {"train_rmse": [0.10391019558063913, 0.10926024027143547, 0.10863039637900078, 0.1250961862910645, 0.10076327974620233], "test_rmse": [0.20949443499780734, 0.16399562925088096, 0.18367417458937277, 0.22978343650553046, 0.19323526944151273], "test_rmse_average": 0.19603658895702086, "test_rmse_std": 0.022393137870498365}, "Neural Net": {"train_rmse": [0.3095258765340514, 0.2889415441626223, 0.3199277952306848, 0.28144461971065404, 0.29110132577984266], "test_rmse": [0.2497463937809431, 0.334139896466966, 0.19021870974909186, 0.35882312958751483, 0.32655536544382313], "test_rmse_average": 0.2918966990056678, "test_rmse_std": 0.06257782311849808}}