{"Linear Regression": {"train_rmse": [0.24075745768022516, 0.2465176672071779, 0.24070220561813035, 0.19751773660074656, 0.23456004266134725], "test_rmse": [0.2506112046801155, 0.21583557226520897, 0.27015921341426385, 0.3704741469342993, 0.26440883404556564], "test_rmse_average": 0.2742977942678907, "test_rmse_std": 0.051659841513045084, "train_rmse_average": 0.23201102195352546}, "Random Forest": {"train_rmse": [0.1041429185151324, 0.1136518605485568, 0.10722323044914364, 0.09153286203378895, 0.09960334970437447], "test_rmse": [0.21765655381815713, 0.1468548103275929, 0.2740531786382367, 0.34200107365680954, 0.21790647372874158], "test_rmse_average": 0.23969441803390756, "test_rmse_std": 0.0651563518780908, "train_rmse_average": 0.10323084425019927}, "Gaussian Process": {"train_rmse": [0.15283722148766044, 0.27834156016981276, 0.17336130757632295, 0.15129705498242474, 0.26167615992037213], "test_rmse": [0.27393064438765247, 0.334427380350949, 0.27553491290014454, 0.34038719712559556, 0.28202543777132644], "test_rmse_average": 0.3012611145071336, "test_rmse_std": 0.029697322561635476, "train_rmse_average": 0.20350266082731863}, "SVR": {"train_rmse": [0.15331281328762464, 0.18447299971641584, 0.15744858367688322, 0.1508250068147502, 0.16206506516407726], "test_rmse": [0.26527936351594067, 0.2068006827965319, 0.31378158060427186, 0.3376996683239498, 0.24622474901112903], "test_rmse_average": 0.2739572088503647, "test_rmse_std": 0.04691156583474307, "train_rmse_average": 0.16162489373195024}, "AdaBoost": {"train_rmse": [0.08054615755477257, 0.10574472382216525, 0.1078720666029443, 0.08838083002570778, 0.09359176232462812], "test_rmse": [0.2336983230916145, 0.12426481625344264, 0.30878934660392493, 0.3996702788689164, 0.22870681596016196], "test_rmse_average": 0.2590259161556121, "test_rmse_std": 0.09162807935009362, "train_rmse_average": 0.0952271080660436}, "Neural Net": {"train_rmse": [0.3203662532322979, 0.30108378620008863, 0.3578561959981682, 0.31569378156932026, 0.3351168336697058], "test_rmse": [0.34729939607033355, 0.41658548638577414, 0.13292888904796918, 0.3687779073235693, 0.28866493188410147], "test_rmse_average": 0.31085132214234956, "test_rmse_std": 0.09799213536094407, "train_rmse_average": 0.32602337013391613}}