{"Linear Regression": {"train_rmse": [0.2272428700035244, 0.21812891781831886, 0.2205936268693529, 0.19777593210178881, 0.22045230688124942], "test_rmse": [0.19518094719627394, 0.24288026991477268, 0.22213306607292627, 0.43471648079216574, 0.23071814417389722], "test_rmse_average": 0.26512578163000716, "test_rmse_std": 0.0862327165338399}, "Random Forest": {"train_rmse": [0.08159489433527518, 0.07578365013268684, 0.07356232263907514, 0.06735523962687238, 0.07444627611434959], "test_rmse": [0.12566824566562806, 0.1890339640402339, 0.1792058638882416, 0.23963406181903585, 0.1570703130896461], "test_rmse_average": 0.1781224897005571, "test_rmse_std": 0.03767903749756794}, "Gaussian Process": {"train_rmse": [0.2259083102603447, 0.22228764335522802, 0.223249282393868, 0.20518159510848846, 0.21860808457418282], "test_rmse": [0.1999012254321771, 0.24511377809965557, 0.2236742770589786, 0.26573188803797293, 0.24000303640461332], "test_rmse_average": 0.2348848410066795, "test_rmse_std": 0.02205401320133993}, "SVR": {"train_rmse": [0.18990820423686203, 0.17854189279307156, 0.1936551257875045, 0.17230962599758054, 0.17554420752482727], "test_rmse": [0.2044308505667207, 0.24192744709831768, 0.20747180738998305, 0.26067391622584224, 0.2525167163913545], "test_rmse_average": 0.23340414753444363, "test_rmse_std": 0.023209978073216453}, "AdaBoost": {"train_rmse": [0.11436326861117847, 0.10932627296745044, 0.1070104545598035, 0.1095727713337406, 0.10032219278622634], "test_rmse": [0.14509116156856422, 0.1822933446662883, 0.17381398939772114, 0.2192745461499548, 0.204137752720772], "test_rmse_average": 0.18492215890066008, "test_rmse_std": 0.025558309795600007}, "Neural Net": {"train_rmse": [0.3025701701826789, 0.3113354708329567, 0.29221811121598945, 0.28239106577325973, 0.29466458504275994], "test_rmse": [0.2743085543143501, 0.22784614006682652, 0.3146884114288037, 0.3494083534659063, 0.30523101781242584], "test_rmse_average": 0.29429649541766245, "test_rmse_std": 0.04095821878924585}}