{"Linear Regression": {"train_rmse": [0.25630931965106785, 0.27516327654095146, 0.2669613474043087, 0.21440424803209732, 0.26460340528774406], "test_rmse": [0.3660362924357555, 0.25754908064151216, 0.26751329178746774, 0.43852753774348197, 0.28494415188488414], "test_rmse_average": 0.3229140708986203, "test_rmse_std": 0.06929580468329946}, "Random Forest": {"train_rmse": [0.11960465988058647, 0.12777525006224005, 0.12099454588050197, 0.08349993148705405, 0.11082523025018079], "test_rmse": [0.35151163745383046, 0.15546239652484073, 0.2465569667541979, 0.3589827016866797, 0.21435856643154685], "test_rmse_average": 0.2653744537702191, "test_rmse_std": 0.07901834900501946}, "Gaussian Process": {"train_rmse": [0.28248189915406974, 0.3121664469141855, 0.3051740577543446, 0.12846760160929657, 0.3021073585406859], "test_rmse": [0.36979229758865345, 0.2588049057139369, 0.2842446585832214, 0.37987575493242814, 0.29898626841142234], "test_rmse_average": 0.31834077704593244, "test_rmse_std": 0.0479905714565185}, "SVR": {"train_rmse": [0.1774788983167016, 0.18407922641484242, 0.16260296816895467, 0.14148870903639707, 0.17139014744462727], "test_rmse": [0.29621639918876036, 0.29927740288451854, 0.3358120034928939, 0.37404975651576555, 0.3262977479917284], "test_rmse_average": 0.3263306620147334, "test_rmse_std": 0.028304616424446278}, "AdaBoost": {"train_rmse": [0.09508648639985551, 0.11121114609683434, 0.09220840256665756, 0.035684774726925515, 0.04057250696761624], "test_rmse": [0.2765127650387048, 0.2966629801380294, 0.2926860054729938, 0.35638745546484457, 0.2421300465218537], "test_rmse_average": 0.2928758505272852, "test_rmse_std": 0.037124087987294954}, "Neural Net": {"train_rmse": [0.3076085665064781, 0.33942728956345136, 0.3398675366237268, 0.33143531014247146, 0.34988099996800176], "test_rmse": [0.41986040615258724, 0.31312763012576333, 0.31130771602560375, 0.3441259785232223, 0.24026916888988117], "test_rmse_average": 0.32573817994341153, "test_rmse_std": 0.05808497345998871}}