{"Linear Regression": {"train_rmse": [0.22865002217994232, 0.23182515277680493, 0.22859319384298052, 0.2260604401344981, 0.22941715171927193], "test_rmse": [0.26957233793333923, 0.2634009706964694, 0.41091936772744986, 0.2723718044190006, 0.26418112261490234], "test_rmse_average": 0.2960891206782323, "test_rmse_std": 0.0575122108507477}, "Random Forest": {"train_rmse": [0.08056590147535928, 0.08367287987275707, 0.0783633918415567, 0.08318493345231644, 0.07545441999516345], "test_rmse": [0.1914559552135867, 0.17551024336625698, 0.24195556970007756, 0.2691435093737294, 0.17372372072262182], "test_rmse_average": 0.2103577996752545, "test_rmse_std": 0.03838714988316932}, "Gaussian Process": {"train_rmse": [0.23596183857858305, 0.23391262552619882, 0.2178371669082521, 0.226977597495942, 0.22215038145091162], "test_rmse": [0.27926593839062236, 0.22340232194130752, 0.2781689450994695, 0.2700139196360827, 0.27401661706651326], "test_rmse_average": 0.2649735484267991, "test_rmse_std": 0.021041578876524972}, "SVR": {"train_rmse": [0.19386567805008614, 0.19362052428890122, 0.17953286253684544, 0.19162903554396635, 0.17449537608343785], "test_rmse": [0.28066670891615336, 0.22786584073026434, 0.2929427271041847, 0.2649945501955648, 0.28906317728854064], "test_rmse_average": 0.27110660084694155, "test_rmse_std": 0.023654898910598965}, "AdaBoost": {"train_rmse": [0.10718802322635397, 0.10753849305107235, 0.11545772647103399, 0.119048780810388, 0.10825688604281142], "test_rmse": [0.21343323528069702, 0.21139184070202735, 0.2528608343795575, 0.2920177552382761, 0.19532762715688906], "test_rmse_average": 0.23300625855148943, "test_rmse_std": 0.035061450298661145}, "Neural Net": {"train_rmse": [0.31469839960484675, 0.32489312262854697, 0.33395465224671117, 0.314050766862863, 0.31923312324364317], "test_rmse": [0.3455273969663758, 0.3083596199660136, 0.26260989776902216, 0.3509057222168771, 0.33068237643975723], "test_rmse_average": 0.31961700267160914, "test_rmse_std": 0.03209147448989008}}