{"Linear Regression": {"train_rmse": [0.24204266286676693, 0.25827008640427385, 0.2438431130355385, 0.1963120209712909, 0.23207331374551768], "test_rmse": [0.2712720478183181, 0.185382437677241, 0.2523906307503779, 0.3914431998869199, 0.3106519088161535], "test_rmse_average": 0.2822280449898021, "test_rmse_std": 0.06800770972805326, "train_rmse_average": 0.23450823940467758}, "Random Forest": {"train_rmse": [0.11480429665222353, 0.11848666759990284, 0.11461449015536644, 0.0880489051154941, 0.11724741450524699], "test_rmse": [0.2907183212238826, 0.19258761393501214, 0.28788620548663757, 0.3779470648790709, 0.24606789423739378], "test_rmse_average": 0.2790414199523994, "test_rmse_std": 0.0609235928451066, "train_rmse_average": 0.11064035480564678}, "Gaussian Process": {"train_rmse": [0.16617499564425775, 0.2954101676408891, 0.2757307299145067, 0.14363238915404247, 0.21984987783785176], "test_rmse": [0.2788693079630443, 0.2317437095939045, 0.3601515253837292, 0.3368811613835402, 0.32093859939282043], "test_rmse_average": 0.3057168607434077, "test_rmse_std": 0.04551673507114828, "train_rmse_average": 0.22015963203830954}, "SVR": {"train_rmse": [0.16035431864064795, 0.171392536311691, 0.16750892755609517, 0.13883738245214547, 0.16596416463950517], "test_rmse": [0.2919310649038517, 0.1910556130307582, 0.2808136373519645, 0.3419311221032026, 0.31520294777781405], "test_rmse_average": 0.2841868770335182, "test_rmse_std": 0.05107088800785619, "train_rmse_average": 0.16081146592001694}, "AdaBoost": {"train_rmse": [0.10055869336149084, 0.095367810077096, 0.10570488573904308, 0.05290144624811253, 0.0982835093727877], "test_rmse": [0.2562211244721627, 0.21382369087098518, 0.3195162926503623, 0.42490558325954303, 0.28970603154598684], "test_rmse_average": 0.30083454455980807, "test_rmse_std": 0.07131300031442137, "train_rmse_average": 0.09056326895970603}, "Neural Net": {"train_rmse": [0.33341186749609847, 0.34708438169158196, 0.31305207870585217, 0.33889182762046033, 0.3482980999082399], "test_rmse": [0.3480592211840725, 0.29236881738846177, 0.41424516191637434, 0.3271428810095782, 0.2728199490585097], "test_rmse_average": 0.3309272061113993, "test_rmse_std": 0.049219734821646675, "train_rmse_average": 0.33614765108444655}}