{"Linear Regression": {"train_rmse": [0.22179473050488346, 0.2247886425384799, 0.2285429341567037, 0.21245268816420057, 0.21380055873673198], "test_rmse": [0.2629854108185914, 0.24085124732301919, 0.2208701471948382, 0.5149865560228015, 0.2850778675880792], "test_rmse_average": 0.30495424578946595, "test_rmse_std": 0.10719081575399036}, "Random Forest": {"train_rmse": [0.09062833098785515, 0.07442584828886425, 0.0873170238283626, 0.08388695157945561, 0.07784097720227356], "test_rmse": [0.21501245254797366, 0.22662405780296507, 0.2219228453366036, 0.19505183253293187, 0.20174974553189956], "test_rmse_average": 0.21207218675047476, "test_rmse_std": 0.011947241012637952}, "Gaussian Process": {"train_rmse": [0.23241361881818276, 0.2307474316082576, 0.23054187141109383, 0.23935437395532713, 0.217226593779293], "test_rmse": [0.25782412122048165, 0.24520238548655943, 0.24095408357390935, 0.22480848666485417, 0.29268373347503357], "test_rmse_average": 0.2522945620841676, "test_rmse_std": 0.022787061914921004}, "SVR": {"train_rmse": [0.18613035007278134, 0.18777628312492087, 0.18933338669141644, 0.2073561581172006, 0.17349796451282626], "test_rmse": [0.28880606929474417, 0.2378774888473689, 0.2877850063394835, 0.2200041290174926, 0.3040727669365634], "test_rmse_average": 0.2677090920871305, "test_rmse_std": 0.032668424150092544}, "AdaBoost": {"train_rmse": [0.10585041151487598, 0.09926116229285806, 0.1214489159903083, 0.11159282808861208, 0.10010517977261023], "test_rmse": [0.16963121537862222, 0.2301915413297823, 0.2101869409621733, 0.2094488611410165, 0.21603010455593452], "test_rmse_average": 0.20709773267350579, "test_rmse_std": 0.020158979125084867}, "Neural Net": {"train_rmse": [0.30823977041918177, 0.30143156333373944, 0.3133389906586231, 0.297155585191021, 0.29469362839560553], "test_rmse": [0.28208832329831385, 0.3087826795327022, 0.2598643252650386, 0.3270115053023007, 0.33652734773095405], "test_rmse_average": 0.30285483622586185, "test_rmse_std": 0.028397021358030766}}