{"Linear Regression": {"train_rmse": [0.2376481787671748, 0.22955879370995083, 0.212659029248027, 0.21543009928265328, 0.23483463280779016], "test_rmse": [0.2041490573155379, 0.24963930990153738, 0.29807883381585754, 0.4350496399580404, 0.21699404927615498], "test_rmse_average": 0.28078217805342565, "test_rmse_std": 0.08367683419766199}, "Random Forest": {"train_rmse": [0.07429997709151141, 0.08375310193615187, 0.06603973280322502, 0.07251412127234882, 0.07311381806798004], "test_rmse": [0.14423482063682871, 0.15419963219125526, 0.24790363744992042, 0.20504706910939216, 0.16550517908852713], "test_rmse_average": 0.18337806769518475, "test_rmse_std": 0.038304333463295356}, "Gaussian Process": {"train_rmse": [0.2322016067623868, 0.23177067931980674, 0.20928090325708823, 0.21023213587656214, 0.18304496913960613], "test_rmse": [0.21005543075302735, 0.23320011153147743, 0.3065080967880429, 0.2509503568793074, 0.23926642483548233], "test_rmse_average": 0.2479960841574675, "test_rmse_std": 0.032146552810459944}, "SVR": {"train_rmse": [0.19257354673090119, 0.193431068477314, 0.1676240922107015, 0.1823186870327925, 0.17699458581457828], "test_rmse": [0.21344218933654044, 0.21841981131528745, 0.2937891801814671, 0.24709354879681805, 0.2421537338063469], "test_rmse_average": 0.24297969268729197, "test_rmse_std": 0.028547721158741303}, "AdaBoost": {"train_rmse": [0.12696802434787074, 0.12741872145228353, 0.10376423783380319, 0.12399187294581057, 0.11120417453848636], "test_rmse": [0.19165254332254344, 0.19005837692439237, 0.22934559172768176, 0.245224541096593, 0.1993465332521868], "test_rmse_average": 0.21112551726467949, "test_rmse_std": 0.022165198489351612}, "Neural Net": {"train_rmse": [0.32705852465570245, 0.3409433097292006, 0.28880274242148407, 0.3105819991836482, 0.32110588277160246], "test_rmse": [0.28070349237325937, 0.20593122476674233, 0.4137911809584271, 0.34642559143151624, 0.30523101781242584], "test_rmse_average": 0.31041650146847416, "test_rmse_std": 0.06900710705035225}}