{"Linear Regression": {"train_rmse": [0.23376204639978498, 0.23277454840582446, 0.23752910823838047, 0.2004163186319219, 0.2228585287679089], "test_rmse": [0.25204527404952565, 0.23940085694085558, 0.22869795626777087, 0.5685219022256783, 0.28384210013539685], "test_rmse_average": 0.31450161792384546, "test_rmse_std": 0.1283506902293601, "train_rmse_average": 0.2254681100887641}, "Random Forest": {"train_rmse": [0.09307911732624637, 0.07494213912217709, 0.08561528809201374, 0.08505840477720412, 0.07950401493384508], "test_rmse": [0.194261853522978, 0.18708147659883795, 0.25433656237995733, 0.1949833506142016, 0.18583301815646855], "test_rmse_average": 0.20329925225448867, "test_rmse_std": 0.02578263524758617, "train_rmse_average": 0.08363979285029728}, "Gaussian Process": {"train_rmse": [0.2396477258735504, 0.23765377955342176, 0.24083401157638767, 0.22883671960368565, 0.22341610745641327], "test_rmse": [0.24597978924322897, 0.24516085663284948, 0.2528224688477228, 0.27062687586150164, 0.2917316054477852], "test_rmse_average": 0.26126431920661763, "test_rmse_std": 0.017777042490614695, "train_rmse_average": 0.23407766881269176}, "SVR": {"train_rmse": [0.1925389848777863, 0.1941093675616125, 0.1953999795311711, 0.19446287901869513, 0.18055934497167858], "test_rmse": [0.26931883241167087, 0.23477846542155767, 0.3049721808791572, 0.26377805070123805, 0.30392768939697995], "test_rmse_average": 0.2753550437621208, "test_rmse_std": 0.026497140280458395, "train_rmse_average": 0.19141411119218874}, "AdaBoost": {"train_rmse": [0.11193149461672953, 0.09997166512494957, 0.1301300595253357, 0.11558487062328376, 0.10676595240158668], "test_rmse": [0.15194708793582948, 0.2046137708948993, 0.28380051668006695, 0.19609328401481155, 0.2123976821694038], "test_rmse_average": 0.2097704683390022, "test_rmse_std": 0.04253128385249841, "train_rmse_average": 0.11287680845837704}, "Neural Net": {"train_rmse": [0.3293773733760888, 0.3086448053380353, 0.3296667071013323, 0.2994458027029602, 0.3109774543681851], "test_rmse": [0.2562120757023398, 0.3423933364313835, 0.2547566709391045, 0.3728929102905757, 0.33652734773095405], "test_rmse_average": 0.3125564682188715, "test_rmse_std": 0.04820961552392813, "train_rmse_average": 0.3156224285773203}}