{"Linear Regression": {"train_rmse": [0.21003273310648013, 0.2334643001072543, 0.23947419183685495, 0.19071928420074014, 0.22235422901085755], "test_rmse": [0.3111870091929084, 0.18267371197398533, 0.15678937511498764, 0.327928214914672, 0.24972016446459117], "test_rmse_average": 0.2456596951322289, "test_rmse_std": 0.06774008193201071}, "Random Forest": {"train_rmse": [0.08183663682133903, 0.10013469316652322, 0.09504973223033547, 0.07563595073356247, 0.08678372072695105], "test_rmse": [0.26010097773581237, 0.12506266238270652, 0.13380852483661757, 0.42674783009233613, 0.20750429667133027], "test_rmse_average": 0.23064485834376058, "test_rmse_std": 0.10989485855474954}, "Gaussian Process": {"train_rmse": [0.1628555496621957, 0.23958660582041835, 0.2430415493614076, 0.19078732804494483, 0.21919578887603539], "test_rmse": [0.35080605523827335, 0.18495093703485052, 0.19481516465088208, 0.32013796472730727, 0.27179416943306683], "test_rmse_average": 0.264500858216876, "test_rmse_std": 0.06600235282183746}, "SVR": {"train_rmse": [0.14792575182267761, 0.16167911100598473, 0.1919522333387626, 0.14337256012891997, 0.1612729640936755], "test_rmse": [0.3367988437742699, 0.2339999627642353, 0.19729877570493412, 0.34790117329757075, 0.26725206845384775], "test_rmse_average": 0.27665016479897153, "test_rmse_std": 0.058135319203063335}, "AdaBoost": {"train_rmse": [0.08398393929307964, 0.12402991806592335, 0.12533981148265702, 0.08462570675483903, 0.1008652734515681], "test_rmse": [0.2604351749171659, 0.1554233444780601, 0.15534626541282667, 0.40883820057540204, 0.22922392384133278], "test_rmse_average": 0.24185338184495747, "test_rmse_std": 0.09310461694494923}, "Neural Net": {"train_rmse": [0.2997923393389325, 0.35091274859857763, 0.35062891917942035, 0.31229282217361437, 0.3539625288399148], "test_rmse": [0.4463970592632935, 0.25731904886370294, 0.25886205895117376, 0.41068831770518144, 0.24002965261226555], "test_rmse_average": 0.32265922747912346, "test_rmse_std": 0.08743824796624343}}