{"Linear Regression": {"train_rmse": [0.20172900283205775, 0.2039654893856203, 0.2253782832321912, 0.20257002970179863, 0.21776584111701458], "test_rmse": [0.28664566330835733, 0.2592896987618214, 0.17566475417032096, 0.4390209183323299, 0.21199956009761345], "test_rmse_average": 0.2745241189340886, "test_rmse_std": 0.09068705626213622, "train_rmse_average": 0.2102817292537365}, "Random Forest": {"train_rmse": [0.07783297965130846, 0.06425576237652746, 0.07140815971798559, 0.07083678263158152, 0.07471110292488564], "test_rmse": [0.1816086598090397, 0.20273308338625745, 0.1786763667293616, 0.20730935499958686, 0.14075091821680172], "test_rmse_average": 0.18221567662820945, "test_rmse_std": 0.023591854731566036, "train_rmse_average": 0.07180895746045773}, "Gaussian Process": {"train_rmse": [0.20288279483586355, 0.20615810574163684, 0.2278926409668445, 0.2099402771121262, 0.21818049228342004], "test_rmse": [0.26654870314661644, 0.2782317972609922, 0.19774580885192825, 0.23851600898501601, 0.21678182483312483], "test_rmse_average": 0.23956482861553555, "test_rmse_std": 0.02997418771841374, "train_rmse_average": 0.2130108621879782}, "SVR": {"train_rmse": [0.1643877052504517, 0.17432498641486743, 0.18823895991130568, 0.18168864124644188, 0.16604497728307774], "test_rmse": [0.2808799158138728, 0.25243716687288753, 0.19612335657784785, 0.2421682662858575, 0.24718495062719925], "test_rmse_average": 0.243758731235533, "test_rmse_std": 0.02733750195780472, "train_rmse_average": 0.1749370540212289}, "AdaBoost": {"train_rmse": [0.10365147089039604, 0.09561898715678377, 0.104141050549833, 0.11130068444226811, 0.1024830841715349], "test_rmse": [0.2251329514656699, 0.1941100957491127, 0.16202649320580426, 0.18699392273713017, 0.19113375837741906], "test_rmse_average": 0.19187944430702722, "test_rmse_std": 0.020131540438692374, "train_rmse_average": 0.10343905544216317}, "Neural Net": {"train_rmse": [0.3151665704868877, 0.27603454427725344, 0.29449066506737737, 0.285487137482377, 0.30289973925994745], "test_rmse": [0.20300474163395146, 0.35772446214761416, 0.29772486383898844, 0.33238066384094755, 0.2600629345788091], "test_rmse_average": 0.29017953320806217, "test_rmse_std": 0.05460153599571747, "train_rmse_average": 0.29481573131476857}}