{"Linear Regression": {"train_rmse": [0.231730253344047, 0.2265522076540447, 0.23120022842416146, 0.18402342679527897, 0.22100854149543944], "test_rmse": [0.21026165887082032, 0.21353153628628704, 0.20804536858122355, 0.3550204019378667, 0.24660057649424744], "test_rmse_average": 0.246691908434089, "test_rmse_std": 0.055956052850684744, "train_rmse_average": 0.21890293154259433}, "Random Forest": {"train_rmse": [0.08516637381968008, 0.09617461012515637, 0.0919401555489266, 0.07599254128390456, 0.08507717884981382], "test_rmse": [0.1684535835361593, 0.1591067975656242, 0.15786165340751093, 0.39582573780019037, 0.20573614486404734], "test_rmse_average": 0.21739678343470645, "test_rmse_std": 0.09089604306472039, "train_rmse_average": 0.08687017192549629}, "Gaussian Process": {"train_rmse": [0.21338929012446622, 0.22862953555784465, 0.23582510405370263, 0.1867093720031284, 0.22221955142226335], "test_rmse": [0.2310150888291573, 0.22490328207105195, 0.23154626768205672, 0.3608651209766176, 0.24998065294941776], "test_rmse_average": 0.2596620825016603, "test_rmse_std": 0.05129348608070278, "train_rmse_average": 0.21735457063228109}, "SVR": {"train_rmse": [0.16823285683832603, 0.15605549537758978, 0.17497919713572557, 0.13573583863180003, 0.1584262848548663], "test_rmse": [0.24559172727944295, 0.2691724211061182, 0.18914573391290665, 0.4013166243723842, 0.23145294919555734], "test_rmse_average": 0.2673358911732818, "test_rmse_std": 0.07187253243289028, "train_rmse_average": 0.15868593456766153}, "AdaBoost": {"train_rmse": [0.10992346300288855, 0.1173685740056983, 0.12059138399306962, 0.08923192187848604, 0.09833491223194418], "test_rmse": [0.1648305017578073, 0.1897693811733698, 0.23058431895441853, 0.4037586021947021, 0.21901868222572063], "test_rmse_average": 0.24159229726120363, "test_rmse_std": 0.08426937998906739, "train_rmse_average": 0.10709005102241735}, "Neural Net": {"train_rmse": [0.34659126508730337, 0.3257476484851553, 0.3430970230190914, 0.28473495462804504, 0.3480664229692941], "test_rmse": [0.26497616789190437, 0.3489711629886471, 0.27187169982357684, 0.4744056376533318, 0.24443039364897992], "test_rmse_average": 0.320931012401288, "test_rmse_std": 0.08453498220898839, "train_rmse_average": 0.32964746283777785}}