{"Linear Regression": {"train_rmse": [0.23041783672405067, 0.23142824102842002, 0.23467986966383317, 0.23750969481114426, 0.22336354508834252], "test_rmse": [0.27851116418188226, 0.2657471700803505, 0.24897476487046039, 0.25180253402099007, 0.42308789012561626], "test_rmse_average": 0.2936247046558599, "test_rmse_std": 0.06558811403157708}, "Random Forest": {"train_rmse": [0.0929026413561289, 0.07867990052192392, 0.09334965957331456, 0.09082501359292838, 0.08518368935306364], "test_rmse": [0.24553334848727876, 0.24282469013480215, 0.21442128389864168, 0.21400879446536325, 0.18260466703126532], "test_rmse_average": 0.21987855680347024, "test_rmse_std": 0.022970729929251223}, "Gaussian Process": {"train_rmse": [0.24343465377924967, 0.2402704296920475, 0.23905193774691477, 0.249010127303196, 0.23963699797780827], "test_rmse": [0.2768700813767541, 0.27086123093513026, 0.2706565414495217, 0.25636035541551694, 0.264658117432924], "test_rmse_average": 0.26788126532196943, "test_rmse_std": 0.0069354338594465855}, "SVR": {"train_rmse": [0.19008136616149715, 0.1916201799510215, 0.19532861893642928, 0.21410119763366411, 0.1904357673684247], "test_rmse": [0.32151556953523347, 0.258371895966235, 0.32855946404595227, 0.2659416871031265, 0.2912421300943086], "test_rmse_average": 0.2931261493489712, "test_rmse_std": 0.0283262479452065}, "AdaBoost": {"train_rmse": [0.10150298156190242, 0.10955109425050749, 0.13236163307344237, 0.1262159382700712, 0.1148959471899264], "test_rmse": [0.24135487367704278, 0.25274713676904303, 0.24354382718284606, 0.23576476072150918, 0.2045783643408882], "test_rmse_average": 0.23559779253826588, "test_rmse_std": 0.016447591078474103}, "Neural Net": {"train_rmse": [0.3273542393133099, 0.3180499128102799, 0.3310680101565904, 0.31111358619562246, 0.3361494698493227], "test_rmse": [0.3156300059690634, 0.34905728643272416, 0.2974229112603566, 0.3775784420278954, 0.27229616668205786], "test_rmse_average": 0.32239696247441946, "test_rmse_std": 0.037243397354936286}}