{"Linear Regression": {"train_rmse": [0.2093278556970093, 0.2077973476857856, 0.2220934612717158, 0.17990763680796595, 0.20730542238230373], "test_rmse": [0.23739589529237767, 0.2647408229448139, 0.17283460757551403, 0.46216012019550873, 0.23507338565874938], "test_rmse_average": 0.27444096633339277, "test_rmse_std": 0.09856832081872037, "train_rmse_average": 0.20528634476895607}, "Random Forest": {"train_rmse": [0.06782801032064105, 0.07290688624415954, 0.07253399028036436, 0.06027663139225839, 0.06742424286242048], "test_rmse": [0.16885568672251816, 0.18475587777860286, 0.14445807640410163, 0.25361908858191995, 0.1494120125565845], "test_rmse_average": 0.18022014840874542, "test_rmse_std": 0.03940861651372729, "train_rmse_average": 0.06819395221996877}, "Gaussian Process": {"train_rmse": [0.21439547484135527, 0.20909250005893806, 0.22215725842496864, 0.185882858702616, 0.2088255320731117], "test_rmse": [0.24350307188587916, 0.2274872877054098, 0.19493472843451345, 0.30757956579611057, 0.24033799548113452], "test_rmse_average": 0.24276852986060948, "test_rmse_std": 0.03668380119089773, "train_rmse_average": 0.20807072482019792}, "SVR": {"train_rmse": [0.17981074116889204, 0.16681458306705885, 0.18030824318121097, 0.1554505523618772, 0.16178563548582617], "test_rmse": [0.2319273917418612, 0.25047339030737764, 0.2241445124242835, 0.3031336711450209, 0.24988011806713217], "test_rmse_average": 0.2519118167371351, "test_rmse_std": 0.027569097447165007, "train_rmse_average": 0.16883395105297302}, "AdaBoost": {"train_rmse": [0.08973744219111486, 0.09853804060723062, 0.0957560703924927, 0.10529301778091991, 0.08678471312081536], "test_rmse": [0.19061455445019276, 0.19430977615254671, 0.17637348605551806, 0.24168565514531787, 0.18519722543312767], "test_rmse_average": 0.1976361394473406, "test_rmse_std": 0.022836611802021924, "train_rmse_average": 0.0952218568185147}, "Neural Net": {"train_rmse": [0.28885959513679277, 0.30507715389957335, 0.2923446135319055, 0.2514759532740301, 0.2812832534733895], "test_rmse": [0.2656657101405164, 0.17902361025567654, 0.24995247570359375, 0.38907211677850106, 0.29640623747912564], "test_rmse_average": 0.27602403007148263, "test_rmse_std": 0.0683979626455619, "train_rmse_average": 0.2838081138631382}}