{"Linear Regression": {"train_rmse": [0.2591373193003527, 0.27902342092477295, 0.26004554994945106, 0.26902533310759713, 0.20878177554559244], "test_rmse": [0.3392135743274967, 0.22369695143697338, 0.32179288396613914, 0.28441346220901326, 0.5046173131876183], "test_rmse_average": 0.33474683702544816, "test_rmse_std": 0.09371153720132411}, "Random Forest": {"train_rmse": [0.1085935417459242, 0.13578077022526724, 0.1060757803221281, 0.12387387378128635, 0.10672353913008965], "test_rmse": [0.3379954373737228, 0.22303441746463384, 0.30765277078660747, 0.2569225120782032, 0.3429213271916718], "test_rmse_average": 0.2937052929789678, "test_rmse_std": 0.046745508165138255}, "Gaussian Process": {"train_rmse": [0.2868405603587478, 0.17586025774227712, 3.706766498047488e-05, 0.15500581751029546, 0.2514675414785867], "test_rmse": [0.3458415966509488, 0.5544222587887095, 0.40834301519769634, 0.4332323765296415, 0.4013397735967608], "test_rmse_average": 0.4286358041527515, "test_rmse_std": 0.06907258792175006}, "SVR": {"train_rmse": [0.14958510944332287, 0.17145180304708646, 0.1342690182318594, 0.15454780709787228, 0.16208068297674563], "test_rmse": [0.31982183838919237, 0.30563288991282767, 0.3812613145097835, 0.40048172736433485, 0.45594990791868606], "test_rmse_average": 0.3726295356189649, "test_rmse_std": 0.054899435433508746}, "AdaBoost": {"train_rmse": [0.037373748761304254, 0.09343862089983743, 0.04441218302393713, 0.10705669010351304, 0.09753535402808527], "test_rmse": [0.29584498781136237, 0.322868237728804, 0.247895626289114, 0.2857589554549346, 0.40634608868593414], "test_rmse_average": 0.3117427791940298, "test_rmse_std": 0.05306207646793498}, "Neural Net": {"train_rmse": [0.31311103860566686, 0.32584082984552093, 0.34271044412362406, 0.32879539618594755, 0.3419912709545674], "test_rmse": [0.385372000143843, 0.347644814778952, 0.2716177008743866, 0.34032974780469344, 0.27566657648071663], "test_rmse_average": 0.3241261680165183, "test_rmse_std": 0.043982282409828155}}