{"Linear Regression": {"train_rmse": [0.23751319913026328, 0.2552473122334885, 0.24395297744818517, 0.19986697171395978, 0.23360875483467697], "test_rmse": [0.27873270977327114, 0.16749136865467107, 0.22919719034870012, 0.3707843895087165, 0.27852295737959054], "test_rmse_average": 0.2649457231329898, "test_rmse_std": 0.06686038347723408, "train_rmse_average": 0.23403784307211475}, "Random Forest": {"train_rmse": [0.10905702024512268, 0.10663645954422483, 0.11496624047522677, 0.09923819364432135, 0.10365166260348745], "test_rmse": [0.27832125375389105, 0.2050329362557333, 0.23168148737910382, 0.3742241299828828, 0.2325182063622262], "test_rmse_average": 0.2643556027467674, "test_rmse_std": 0.0597771345387148, "train_rmse_average": 0.1067099153024766}, "Gaussian Process": {"train_rmse": [0.1631175496203969, 0.297238215391563, 0.2792434735059129, 0.15581089041338764, 0.2535380863960005], "test_rmse": [0.2821613086494272, 0.26462930147472097, 0.3281611016694805, 0.3286394328288933, 0.2876240999762666], "test_rmse_average": 0.2982430489197577, "test_rmse_std": 0.025769355828861175, "train_rmse_average": 0.22978964306545216}, "SVR": {"train_rmse": [0.1595702571172951, 0.17361073108672467, 0.17158770532783577, 0.14273511681844017, 0.16734975022150247], "test_rmse": [0.29113439032910193, 0.21291395435110666, 0.26256004037900327, 0.3306505392178737, 0.2759278968196119], "test_rmse_average": 0.2746373642193395, "test_rmse_std": 0.03838472142710217, "train_rmse_average": 0.16297071211435962}, "AdaBoost": {"train_rmse": [0.10181985551920544, 0.13064622144800977, 0.10946453305032498, 0.08657066257565663, 0.06994900010807657], "test_rmse": [0.2611452074724299, 0.2902879341099883, 0.2826666313608702, 0.40060666784921095, 0.2682318587721963], "test_rmse_average": 0.3005876599129392, "test_rmse_std": 0.05105615435286361, "train_rmse_average": 0.09969005454025467}, "Neural Net": {"train_rmse": [0.32775085772816187, 0.3287950859154005, 0.3202558098313636, 0.3403851260610459, 0.3418699597499733], "test_rmse": [0.3480592211840725, 0.3440972047677575, 0.37493010747934913, 0.29560037930129585, 0.28866493188410147], "test_rmse_average": 0.3302703689233153, "test_rmse_std": 0.03297010001116896, "train_rmse_average": 0.331811367857189}}