{"Linear Regression": {"train_rmse": [0.22865114021832456, 0.22153600209391505, 0.23437281072203592, 0.19233889308463897, 0.22761137982006815], "test_rmse": [0.2358789376602829, 0.28660098214604934, 0.20324734588826518, 0.3377178456430904, 0.2365789965694255], "test_rmse_average": 0.26000482158142263, "test_rmse_std": 0.04711455924683395, "train_rmse_average": 0.2209020451877965}, "Random Forest": {"train_rmse": [0.09332530163476824, 0.09626949814514778, 0.09442672168016335, 0.08487829663966731, 0.08730941766130029], "test_rmse": [0.1933866338712507, 0.24447068925703058, 0.2193175464530936, 0.32739315250247203, 0.20791859322966139], "test_rmse_average": 0.23849732306270166, "test_rmse_std": 0.047489043839185736, "train_rmse_average": 0.0912418471522094}, "Gaussian Process": {"train_rmse": [0.23804890404676515, 0.13296184862715751, 0.2428916575408216, 0.19623913545853605, 0.2296194649963935], "test_rmse": [0.23341065479189455, 0.30821735662179395, 0.2610519792818639, 0.3411628902173244, 0.25855205526176644], "test_rmse_average": 0.2804789872349286, "test_rmse_std": 0.038795824827295794, "train_rmse_average": 0.20795220213393475}, "SVR": {"train_rmse": [0.17271270142325287, 0.14292274780039751, 0.18393129077690304, 0.1466604574617791, 0.1689856228879533], "test_rmse": [0.24665016687635102, 0.3125295195502489, 0.2938183556475518, 0.35153065522994, 0.2142041182819471], "test_rmse_average": 0.28374656311720775, "test_rmse_std": 0.048449720282106735, "train_rmse_average": 0.16304256407005718}, "AdaBoost": {"train_rmse": [0.12773971365976358, 0.10664357166412951, 0.11621437018885925, 0.09914930592755562, 0.10209758216035152], "test_rmse": [0.23608098241630185, 0.2918006450681852, 0.1911687214735161, 0.31601986422762257, 0.23431997209421238], "test_rmse_average": 0.2538780370559676, "test_rmse_std": 0.044567796002035205, "train_rmse_average": 0.1103689087201319}, "Neural Net": {"train_rmse": [0.33315066488255435, 0.35742114808127007, 0.32616061125262924, 0.2893321518341476, 0.3453970981446793], "test_rmse": [0.3234925212304425, 0.19924966475217284, 0.35000831184509124, 0.45863162022534887, 0.25642505120044856], "test_rmse_average": 0.3175614338507008, "test_rmse_std": 0.08800466710765786, "train_rmse_average": 0.3302923348390561}}