{"Linear Regression": {"train_rmse": [0.202728341765886, 0.20754659783465726, 0.2237873004482927, 0.2087305163980137, 0.2204778743914178], "test_rmse": [0.2939356515574446, 0.2578904673010977, 0.20117649163652995, 0.43396483750474235, 0.2117756887968479], "test_rmse_average": 0.2797486273593325, "test_rmse_std": 0.08397093684984616}, "Random Forest": {"train_rmse": [0.07778852016861863, 0.0633062445613286, 0.07546825919390253, 0.07272899413303606, 0.07015199808116379], "test_rmse": [0.1837435980091682, 0.19876326062081903, 0.18607186774917425, 0.19068008286441251, 0.14738841710957645], "test_rmse_average": 0.18132944527063008, "test_rmse_std": 0.017729548432569672}, "Gaussian Process": {"train_rmse": [0.20217842549321155, 0.20981996466004463, 0.22488849957802007, 0.2148121862823692, 0.1758107411169472], "test_rmse": [0.27622573571107645, 0.27626373894781525, 0.22992248190948306, 0.2161416881690912, 0.23419380450117094], "test_rmse_average": 0.2465494898477274, "test_rmse_std": 0.02496946504998789}, "SVR": {"train_rmse": [0.16537599840610198, 0.17656616269359884, 0.188331772937965, 0.1837689710586902, 0.16920853171715505], "test_rmse": [0.2804612414041706, 0.24348515835432694, 0.23517092276843896, 0.23339076321996227, 0.23995036379489712], "test_rmse_average": 0.2464916899083592, "test_rmse_std": 0.017352536741731366}, "AdaBoost": {"train_rmse": [0.1027243278691294, 0.09523125451254003, 0.10952647212724392, 0.09582917083597167, 0.10197321093893486], "test_rmse": [0.22157121840982116, 0.1876519041286505, 0.1914924448486, 0.19455437543124143, 0.1816247682555788], "test_rmse_average": 0.1953789422147784, "test_rmse_std": 0.013789158954190233}, "Neural Net": {"train_rmse": [0.3235770759813914, 0.2864788982408538, 0.29484914598360795, 0.29971822670087206, 0.3070337017407839], "test_rmse": [0.20300474163395146, 0.35772446214761416, 0.33062717438818734, 0.3146095828101117, 0.28286733027767486], "test_rmse_average": 0.2977666582515079, "test_rmse_std": 0.05321700234249255}}