{"Linear Regression": {"train_rmse": [0.24640919472597028, 0.22072531284525415, 0.24432982675628004, 0.19953588378170653, 0.23678458255669232], "test_rmse": [0.23621441268716992, 0.3253955050760233, 0.22758023329096833, 0.6518385638454108, 0.2661919021345285], "test_rmse_average": 0.3414441234068202, "test_rmse_std": 0.15893611364468646, "train_rmse_average": 0.22955696013318067}, "Random Forest": {"train_rmse": [0.0826507285970606, 0.09232317306101982, 0.09339104818780727, 0.08564946272183702, 0.08347035804819544], "test_rmse": [0.24776203444017425, 0.23512262614766943, 0.17160863852276362, 0.2660248973663339, 0.19293024613631782], "test_rmse_average": 0.22268968852265178, "test_rmse_std": 0.03508857042843904, "train_rmse_average": 0.08749695412318403}, "Gaussian Process": {"train_rmse": [0.27259876318905973, 0.24004564738245138, 0.2802909256832228, 0.23027069146284362, 0.24510318282674398], "test_rmse": [0.29014235622006596, 0.3623336622274396, 0.24526100454409508, 0.27556860351980644, 0.2706447136897336], "test_rmse_average": 0.2887900680402281, "test_rmse_std": 0.03952044864804736, "train_rmse_average": 0.25366184210886433}, "SVR": {"train_rmse": [0.20590540075451924, 0.18273670960011107, 0.2053741919621109, 0.18884186039199594, 0.1925556332268289], "test_rmse": [0.26590936159785694, 0.33259718874989214, 0.226436902066473, 0.32293091571337845, 0.2891158488848955], "test_rmse_average": 0.2873980434024992, "test_rmse_std": 0.03869501985828016, "train_rmse_average": 0.1950827591871132}, "AdaBoost": {"train_rmse": [0.09958617005288292, 0.11169992017424721, 0.12907658460291532, 0.11721724530339413, 0.09408928409350592], "test_rmse": [0.23821634794090615, 0.2066281586726955, 0.19871140035335955, 0.2798919035858018, 0.21621791617157507], "test_rmse_average": 0.22793314534486764, "test_rmse_std": 0.02915653012827124, "train_rmse_average": 0.11033384084538911}, "Neural Net": {"train_rmse": [0.3439403080070955, 0.27315802127372174, 0.33031079220017756, 0.3204008115141448, 0.32706762368117626], "test_rmse": [0.2009194292447865, 0.45851264788527335, 0.2758738871328703, 0.31809441196159194, 0.28561424998955165], "test_rmse_average": 0.3078029252428148, "test_rmse_std": 0.08456384298118333, "train_rmse_average": 0.31897551133526314}}