{"Linear Regression": {"train_rmse": [0.24889413843098362, 0.21008373605321184, 0.24676724547600604, 0.22906528612439192, 0.23862637416485813], "test_rmse": [0.22290032496353826, 0.4496370145273553, 0.2181030602901821, 0.2948313866111263, 0.2605705839681173], "test_rmse_average": 0.28920847407206385, "test_rmse_std": 0.08490207652929796, "train_rmse_average": 0.23468735604989033}, "Random Forest": {"train_rmse": [0.0882619678805845, 0.09709052443682518, 0.09604857307451345, 0.08472682820814048, 0.08958109877526857], "test_rmse": [0.2488359526783395, 0.24031678833385897, 0.16845001280139368, 0.320446727317967, 0.18371092311291495], "test_rmse_average": 0.2323520808488948, "test_rmse_std": 0.05393562432931569, "train_rmse_average": 0.09114179847506643}, "Gaussian Process": {"train_rmse": [0.2762149579584033, 0.24196405167884794, 0.26020311721106393, 0.23827820719853668, 0.24629944347442556], "test_rmse": [0.28242066839434155, 0.37302170561794423, 0.2314030964236144, 0.28017501369859465, 0.26069708930647867], "test_rmse_average": 0.28554351468819467, "test_rmse_std": 0.047412100996064216, "train_rmse_average": 0.2525919555042555}, "SVR": {"train_rmse": [0.21454732284391356, 0.1823594174028302, 0.2164936067393313, 0.186392844953114, 0.2014647164484233], "test_rmse": [0.2637325949251343, 0.3496061598933471, 0.22252013454036365, 0.34573620739831135, 0.2919250647932135], "test_rmse_average": 0.29470403231007397, "test_rmse_std": 0.04857158469472354, "train_rmse_average": 0.20025158167752247}, "AdaBoost": {"train_rmse": [0.13057302438068738, 0.11681702250595685, 0.11925206164083453, 0.11191642495491028, 0.10499690620548252], "test_rmse": [0.23634743748322007, 0.23349969012736047, 0.18468171223343233, 0.31375662115751124, 0.20631056361072336], "test_rmse_average": 0.2349192049224495, "test_rmse_std": 0.043730202603014676, "train_rmse_average": 0.1167110879375743}, "Neural Net": {"train_rmse": [0.34041563933411984, 0.27037356469447255, 0.32713043479589343, 0.3165651865376064, 0.3281574871534817], "test_rmse": [0.2009194292447865, 0.4598830167756757, 0.275395282425244, 0.3210074418930547, 0.27046349395349273], "test_rmse_average": 0.30553373285845076, "test_rmse_std": 0.08619227052234477, "train_rmse_average": 0.3165284625031147}}