{"Linear Regression": {"train_rmse": [0.22276047444882835, 0.23618681050967813, 0.19838987726321258, 0.18995955564467915, 0.2129352370104349], "test_rmse": [0.23285243872117473, 0.14821926688294304, 0.310829228371342, 0.3527780942737915, 0.255763516274333], "test_rmse_average": 0.26008850890471685, "test_rmse_std": 0.06991597276546131}, "Random Forest": {"train_rmse": [0.1059456892186123, 0.10434444059240608, 0.08561730753182334, 0.08466285706428994, 0.08817993239766894], "test_rmse": [0.1701103133818309, 0.17575837413181583, 0.3385973602032574, 0.29965634474520114, 0.2463682061280603], "test_rmse_average": 0.24609811971803314, "test_rmse_std": 0.06655297502891205}, "Gaussian Process": {"train_rmse": [0.15949202507883267, 0.24267793086561532, 0.11491392102094292, 0.19049013054920755, 0.1376356462569181], "test_rmse": [0.24124569225483664, 0.15973403554122598, 0.3815732276052715, 0.32103533502800635, 0.23965049016243106], "test_rmse_average": 0.26864775611835434, "test_rmse_std": 0.07609275077352534}, "SVR": {"train_rmse": [0.1459742629496684, 0.16232339430949858, 0.12155304496237394, 0.1479215819334065, 0.1350896259038842], "test_rmse": [0.2271065734006324, 0.15170031715495297, 0.3817537132848531, 0.29642244553542435, 0.2395719597285702], "test_rmse_average": 0.25931100182088657, "test_rmse_std": 0.07665023325743238}, "AdaBoost": {"train_rmse": [0.10442253549460134, 0.09608822245258664, 0.07187169431260357, 0.09443592473509362, 0.07651507735622137], "test_rmse": [0.18570731372187654, 0.1784082531682245, 0.3492731993573163, 0.3031835049349294, 0.2490826700834065], "test_rmse_average": 0.25313098825315067, "test_rmse_std": 0.06617311703109113}, "Neural Net": {"train_rmse": [0.31078989872837676, 0.3429121206470571, 0.29423531157722727, 0.30063610571874155, 0.32875376995362243], "test_rmse": [0.3344848624342049, 0.18408207318307657, 0.3861116362016516, 0.3773138425453771, 0.2504582927153885], "test_rmse_average": 0.3064901414159397, "test_rmse_std": 0.07779792634225705}}