{"Linear Regression": {"train_rmse": [0.2549303853232871, 0.2756675043006518, 0.26569729462334, 0.2102801670680629, 0.25893610714080056], "test_rmse": [0.363294029741643, 0.22875454443634954, 0.27749627444153957, 0.44377369573778375, 0.29795182735258047], "test_rmse_average": 0.3222540743419793, "test_rmse_std": 0.07454839807349496}, "Random Forest": {"train_rmse": [0.11490881089435971, 0.1220580384125832, 0.1161365337508343, 0.07876729004907941, 0.10948948650807268], "test_rmse": [0.35515449674525096, 0.14139652215187337, 0.25375985776885834, 0.35520347773967526, 0.19687327483492084], "test_rmse_average": 0.2604775258481158, "test_rmse_std": 0.08509717742991962}, "Gaussian Process": {"train_rmse": [0.27717195284919144, 0.3062008141838487, 0.3077139752521138, 0.12800321534938952, 0.29489302378354], "test_rmse": [0.37201216692267336, 0.26073445341542023, 0.25102212866533813, 0.3930368200928314, 0.3035991838528323], "test_rmse_average": 0.3160809505898191, "test_rmse_std": 0.057449432324420444}, "SVR": {"train_rmse": [0.18686950664123886, 0.19568403984582428, 0.16795024546499193, 0.1386185908430113, 0.18311731524475047], "test_rmse": [0.3043768485708098, 0.2897648005504891, 0.36007457342252075, 0.3861122492820603, 0.33569959202818656], "test_rmse_average": 0.3352056127708133, "test_rmse_std": 0.035285903637666115}, "AdaBoost": {"train_rmse": [0.1076582003322273, 0.0977709939694642, 0.08237642502336809, 0.0397347252525509, 0.03963173774123943], "test_rmse": [0.2811398634380347, 0.2991255454870191, 0.27672969592910523, 0.34775659731507147, 0.2281678119969758], "test_rmse_average": 0.2865839028332413, "test_rmse_std": 0.03857090607662542}, "Neural Net": {"train_rmse": [0.2998713776121861, 0.33087959303595615, 0.35049603829611964, 0.32309110325269386, 0.3306579063590475], "test_rmse": [0.41986040615258724, 0.31312763012576333, 0.21114980855695084, 0.3441259785232223, 0.3140629378766972], "test_rmse_average": 0.3204653522470442, "test_rmse_std": 0.06705806908139579}}