{"Linear Regression": {"train_rmse": [0.2543465451878882, 0.28524553117603585, 0.2349092073102816, 0.29054505364799527, 0.21964097134062535], "test_rmse": [0.4355108311363296, 0.25134512637758955, 0.5298602394436103, 0.24409115335610598, 0.5009881956308232], "test_rmse_average": 0.3923591091888917, "test_rmse_std": 0.12201413067731279}, "Random Forest": {"train_rmse": [0.12313730694406949, 0.12784859924687253, 0.09845038876376201, 0.14384281359150697, 0.11173405440723301], "test_rmse": [0.38615242384975695, 0.26412151852167637, 0.4318728379828651, 0.09688523065198723, 0.35128600019329576], "test_rmse_average": 0.30606360223991624, "test_rmse_std": 0.11815411795492964}, "Gaussian Process": {"train_rmse": [0.29079068501377003, 0.14411329157817265, 0.10588688032461221, 0.17868818611202913, 0.27152347243370517], "test_rmse": [0.36826163746784046, 0.3383345016327697, 0.5982824032338946, 0.5905295428930365, 0.3798508632921421], "test_rmse_average": 0.45505178970393667, "test_rmse_std": 0.11461227286323178}, "SVR": {"train_rmse": [0.14776787534799363, 0.15734517707713858, 0.13581819191356595, 0.17540485116577906, 0.16753405438150804], "test_rmse": [0.3701413088153377, 0.38061105064958295, 0.4420460515810503, 0.3497221849109452, 0.43175896088814997], "test_rmse_average": 0.3948559113690132, "test_rmse_std": 0.035887394158220516}, "AdaBoost": {"train_rmse": [0.0938111816837298, 0.055742182746357276, 0.021369640273503795, 0.09485641526493618, 0.08670136272081551], "test_rmse": [0.38107804414634344, 0.3654448644538106, 0.40846517262858734, 0.1518745012893437, 0.359722982803708], "test_rmse_average": 0.3333171130643586, "test_rmse_std": 0.09228133194515527}, "Neural Net": {"train_rmse": [0.32018448682591233, 0.35683966007961015, 0.3048409239549482, 0.3315451526086261, 0.34482399585735013], "test_rmse": [0.37621003634781813, 0.2055924167905792, 0.4241396682625807, 0.33454097057252846, 0.27566657648071663], "test_rmse_average": 0.32322993369084463, "test_rmse_std": 0.07644404973021636}}