{"Linear Regression": {"train_rmse": [0.22677756841781627, 0.21079432432989473, 0.21651507210678503, 0.21188892125671863, 0.2180175512620195], "test_rmse": [0.20627953626653472, 0.2676436520709465, 0.24151136565753206, 0.42219828693019995, 0.2439120364214117], "test_rmse_average": 0.276308975469325, "test_rmse_std": 0.07552924823069797, "train_rmse_average": 0.2167986874746468}, "Random Forest": {"train_rmse": [0.07027276593827993, 0.07700006273686974, 0.07433708909971838, 0.06815515198767792, 0.07200805727284915], "test_rmse": [0.17639324393573197, 0.17786472982135126, 0.16426411724786452, 0.262348501135078, 0.15272369861319976], "test_rmse_average": 0.1867188581506451, "test_rmse_std": 0.038896640102525484, "train_rmse_average": 0.07235462540707902}, "Gaussian Process": {"train_rmse": [0.2258646231434309, 0.21441349145991537, 0.21901062097423496, 0.20593861105727354, 0.21360472999990146], "test_rmse": [0.20660683721626524, 0.2778411107262511, 0.23545023106762433, 0.24018835447554196, 0.2541521970856548], "test_rmse_average": 0.24284774611426746, "test_rmse_std": 0.023356049533850797, "train_rmse_average": 0.21576641532695123}, "SVR": {"train_rmse": [0.1780656362169485, 0.1863684515820824, 0.18265615962417184, 0.18016671171528237, 0.17164990103664463], "test_rmse": [0.22431879988692266, 0.24627069364482046, 0.2264989211428916, 0.264978725114699, 0.2610998971975613], "test_rmse_average": 0.244633407397379, "test_rmse_std": 0.01690739965596334, "train_rmse_average": 0.17978137203502592}, "AdaBoost": {"train_rmse": [0.10969764383989153, 0.11272427483092144, 0.10994912274562424, 0.10854027079092596, 0.09831596525473948], "test_rmse": [0.18751342696768222, 0.16792460022840733, 0.14320470057789395, 0.27393097489481544, 0.21150474775164596], "test_rmse_average": 0.19681569008408897, "test_rmse_std": 0.044627123892470505, "train_rmse_average": 0.10784545549242053}, "Neural Net": {"train_rmse": [0.3217135595162095, 0.2793304375339432, 0.2902720780666683, 0.3137046471406885, 0.29546132812836784], "test_rmse": [0.2012986648310105, 0.3695118310957255, 0.33977469510587843, 0.23764921708711356, 0.32059661381810967], "test_rmse_average": 0.2937662043875675, "test_rmse_std": 0.06367639152640764, "train_rmse_average": 0.30009641007717547}}