{"Linear Regression": {"train_rmse": [0.2109311301616509, 0.2050574845991112, 0.21290592543746592, 0.19784076453160224, 0.20821691213731428], "test_rmse": [0.2368688038992157, 0.4481874001324274, 0.23431141719970253, 0.27270672486527336, 0.24012640140376448], "test_rmse_average": 0.2864401495000767, "test_rmse_std": 0.08206152123617626}, "Random Forest": {"train_rmse": [0.06711304968305914, 0.07239637784063677, 0.06803733859533607, 0.06892852972205504, 0.06509211370497756], "test_rmse": [0.1713966213843289, 0.13534488005377313, 0.2359511394089053, 0.24430518443894805, 0.13993517491911658], "test_rmse_average": 0.18538660004101437, "test_rmse_std": 0.04646266784559596}, "Gaussian Process": {"train_rmse": [0.21656240296411652, 0.21107474187850905, 0.2152921004905382, 0.19739232030482598, 0.20949979396826482], "test_rmse": [0.2432313429662907, 0.19587519171492923, 0.24416535672202905, 0.28543785138892824, 0.24734161739621172], "test_rmse_average": 0.24321027203767778, "test_rmse_std": 0.02843152803574583}, "SVR": {"train_rmse": [0.1819426521630238, 0.17434428812338015, 0.16968425347347413, 0.16543555209029198, 0.16451808677006327], "test_rmse": [0.23223532221578091, 0.21794379869238326, 0.2463085937879513, 0.2935071446086118, 0.2566903806422094], "test_rmse_average": 0.24933704798938736, "test_rmse_std": 0.025660263432647618}, "AdaBoost": {"train_rmse": [0.0849723172331881, 0.09158155975125713, 0.08677470580085193, 0.10479556590106366, 0.08951115362401273], "test_rmse": [0.19131107004560985, 0.13068403339199108, 0.21635611492423967, 0.22408020629115852, 0.17100835483991114], "test_rmse_average": 0.18668795589858206, "test_rmse_std": 0.0337106584311034}, "Neural Net": {"train_rmse": [0.2866803238429068, 0.3044047377585413, 0.28309230880978026, 0.25949341878473126, 0.2772163963203445], "test_rmse": [0.2656657101405164, 0.17211666351864663, 0.2803031044747904, 0.3586411518104024, 0.30479323733692115], "test_rmse_average": 0.2763039734562554, "test_rmse_std": 0.060951144932804305}}