{"Linear Regression": {"train_rmse": [0.2280332018194544, 0.22970505834633345, 0.2283442441430704, 0.18495647713892305, 0.219845542519766], "test_rmse": [0.22143860917574265, 0.2029155944190535, 0.21341287559256808, 0.3450795903925189, 0.2474523282150438], "test_rmse_average": 0.24605979955898535, "test_rmse_std": 0.051653277166677655}, "Random Forest": {"train_rmse": [0.10841012203498598, 0.08602632439814002, 0.10294718223982303, 0.08872753103252494, 0.09399717375060686], "test_rmse": [0.17517080909074567, 0.24172681793568335, 0.17919768298893227, 0.33762084398416564, 0.22606902751569324], "test_rmse_average": 0.231957036303044, "test_rmse_std": 0.05882717483855991}, "Gaussian Process": {"train_rmse": [0.19460349186076348, 0.25169931797664635, 0.2427374345898381, 0.12148132782293866, 0.22567855343660015], "test_rmse": [0.23216276307996053, 0.23224516555735092, 0.22205820786367364, 0.36762397222314497, 0.26337974652286794], "test_rmse_average": 0.26349397104939964, "test_rmse_std": 0.053885295025589995}, "SVR": {"train_rmse": [0.1645567526649327, 0.18012766730373436, 0.15025776971173704, 0.12773636459859175, 0.16208829822374163], "test_rmse": [0.24330678686264642, 0.18221577374876333, 0.24845590116625602, 0.3413977972848157, 0.21796087256563812], "test_rmse_average": 0.24666742632562394, "test_rmse_std": 0.05285152310120318}, "AdaBoost": {"train_rmse": [0.11587254609682508, 0.08203604260001233, 0.10294785660989804, 0.09161866637223343, 0.08843229473460364], "test_rmse": [0.17459730359550416, 0.29127758627245304, 0.2022779780696432, 0.32751698905487586, 0.22508860628268515], "test_rmse_average": 0.24415169265503228, "test_rmse_std": 0.05678951446479645}, "Neural Net": {"train_rmse": [0.3106696762903817, 0.31777961620897455, 0.3338641761498731, 0.2708716440719307, 0.3239924800816902], "test_rmse": [0.31839894311404854, 0.2900745760320172, 0.20908129635099967, 0.4366329963227991, 0.2504582927153885], "test_rmse_average": 0.3009292209070506, "test_rmse_std": 0.07722937913672828}}