{"Linear Regression": {"train_rmse": [0.21732381912999438, 0.20734589353471916, 0.22353503134516062, 0.19738695574942067, 0.2214851416098831], "test_rmse": [0.22402027652082637, 0.2570902092901181, 0.19530038777707912, 0.4391900391659688, 0.20781965056771462], "test_rmse_average": 0.26468411266434144, "test_rmse_std": 0.08967853884996685, "train_rmse_average": 0.21341536827383562}, "Random Forest": {"train_rmse": [0.06593966008932606, 0.07170513806936174, 0.06934690526378177, 0.06624454780572399, 0.07213042002110888], "test_rmse": [0.1949231747262969, 0.11848903274884225, 0.17729323294573554, 0.19521175755251888, 0.1483610317697182], "test_rmse_average": 0.16685564594862234, "test_rmse_std": 0.029604656678786853, "train_rmse_average": 0.06907333424986048}, "Gaussian Process": {"train_rmse": [0.2230005775121836, 0.21007773309200675, 0.22674134469554644, 0.20970311839239944, 0.16409765002706325], "test_rmse": [0.22065604828249777, 0.26310500354653865, 0.19328673714632585, 0.27101991496562444, 0.2563725139674935], "test_rmse_average": 0.24088804358169602, "test_rmse_std": 0.02938200066178768, "train_rmse_average": 0.2067240847438399}, "SVR": {"train_rmse": [0.16842483376578268, 0.1800868399840892, 0.17883071583653684, 0.17805042316241215, 0.16207643800026458], "test_rmse": [0.22556025259706985, 0.23176011862096163, 0.2009478218098871, 0.26305603954932083, 0.27384437955790836], "test_rmse_average": 0.23903372242702958, "test_rmse_std": 0.026358410791293408, "train_rmse_average": 0.1734938501498171}, "AdaBoost": {"train_rmse": [0.09044150592655553, 0.09535924796469603, 0.09954927273118573, 0.10715062544554955, 0.08673679373054757], "test_rmse": [0.19964036254329062, 0.13941621034634918, 0.17781050524760952, 0.2085610130856837, 0.17818521905274426], "test_rmse_average": 0.18072266205513543, "test_rmse_std": 0.023891401829494514, "train_rmse_average": 0.0958474891597069}, "Neural Net": {"train_rmse": [0.3028404965088561, 0.2873464088918784, 0.31008527247527107, 0.2713252439834571, 0.3072339361737201], "test_rmse": [0.2699096606617764, 0.3294624651979161, 0.2301539777236031, 0.38100063902763054, 0.24529901941747378], "test_rmse_average": 0.29116515240568, "test_rmse_std": 0.05624048425176102, "train_rmse_average": 0.29576627160663654}}