{"Linear Regression": {"train_rmse": [0.23205193337846322, 0.21680574068342237, 0.21023754910542264, 0.21384223231350277, 0.2312737300053214], "test_rmse": [0.19881236912945913, 0.2567676264917759, 0.2719486013279465, 0.4154536911789403, 0.19777100721082422], "test_rmse_average": 0.26815065906778923, "test_rmse_std": 0.07950254701864137}, "Random Forest": {"train_rmse": [0.07641867523876889, 0.07411503350260348, 0.07334016826156631, 0.0729337562736662, 0.06896057815671854], "test_rmse": [0.14170320532934552, 0.20007306969209412, 0.18945845331401467, 0.19171543749939637, 0.1800429838134436], "test_rmse_average": 0.18059862992965886, "test_rmse_std": 0.020467029498441616}, "Gaussian Process": {"train_rmse": [0.23032161543016327, 0.21982247052506276, 0.210644983288472, 0.21620988422807252, 0.22504292164377315], "test_rmse": [0.19474186375311167, 0.26110705924460115, 0.2706606763303958, 0.23572860573617346, 0.2078494387189984], "test_rmse_average": 0.2340175287566561, "test_rmse_std": 0.029349063045649715}, "SVR": {"train_rmse": [0.18644063148307374, 0.18472280940281763, 0.1795022997114948, 0.1881989537397609, 0.17838601881831145], "test_rmse": [0.20113148888671148, 0.22194377440685167, 0.2613727525870563, 0.23790491651370577, 0.24059173145148693], "test_rmse_average": 0.23258893276916243, "test_rmse_std": 0.02011816554960848}, "AdaBoost": {"train_rmse": [0.11915927770537284, 0.10546315735146408, 0.11703148019501088, 0.1187165827749949, 0.10251524250223847], "test_rmse": [0.17763644701810477, 0.20756150465677112, 0.21528018651691436, 0.19660488576417137, 0.2085273254369248], "test_rmse_average": 0.2011220698785773, "test_rmse_std": 0.013181318829006422}, "Neural Net": {"train_rmse": [0.33021610078981867, 0.3033564379373007, 0.28755806200636386, 0.29915640286852885, 0.3177395757757497], "test_rmse": [0.2005971829974834, 0.3251020226714697, 0.3762938395153478, 0.34290686618809807, 0.26241876680612947], "test_rmse_average": 0.3014637356357057, "test_rmse_std": 0.06256902933980625}}