{"Linear Regression": {"train_rmse": [0.2300906766157737, 0.23290313986511993, 0.23202393786766418, 0.21681259231912706, 0.2073224339869584], "test_rmse": [0.25689500763118017, 0.2310427450082678, 0.22580306338290765, 0.31714039557380325, 0.3391662876746061], "test_rmse_average": 0.27400949985415296, "test_rmse_std": 0.0459751879777597, "train_rmse_average": 0.22383055613092867}, "Random Forest": {"train_rmse": [0.08993744037844077, 0.09165395411230652, 0.10629520484436315, 0.10116168253379494, 0.08460645202067245], "test_rmse": [0.22642786643957807, 0.3176392377509519, 0.2054847700373178, 0.3193819338016223, 0.2880789710398493], "test_rmse_average": 0.27140255581386385, "test_rmse_std": 0.04708679530277938, "train_rmse_average": 0.09473094677791558}, "Gaussian Process": {"train_rmse": [0.1371177947100608, 0.2699366422457878, 0.24678356044129998, 0.18003355226695886, 0.20835318626353883], "test_rmse": [0.2929475501162279, 0.31418382927398947, 0.25607053647527267, 0.309338123816898, 0.30302521476709915], "test_rmse_average": 0.2951130508898974, "test_rmse_std": 0.020773333630355426, "train_rmse_average": 0.20844494718552925}, "SVR": {"train_rmse": [0.1432541813381775, 0.17155525639260352, 0.18009813819277667, 0.15703012264528377, 0.17047113960474847], "test_rmse": [0.2737434527116762, 0.2857065556147915, 0.23697186276218118, 0.3274250602742914, 0.2528567688914939], "test_rmse_average": 0.2753407400508869, "test_rmse_std": 0.030985408100508243, "train_rmse_average": 0.16448176763471797}, "AdaBoost": {"train_rmse": [0.1021592160498144, 0.10163376517059, 0.10452867075761187, 0.10297367272894123, 0.0919897564682301], "test_rmse": [0.21057579339164953, 0.3510891976548342, 0.17113883167117047, 0.3368436951715731, 0.2944755276073749], "test_rmse_average": 0.27282460909932044, "test_rmse_std": 0.07057969093685179, "train_rmse_average": 0.10065701623503753}, "Neural Net": {"train_rmse": [0.33233192631397435, 0.3063369040374335, 0.31009805393236306, 0.31868975369074515, 0.3352229222546578], "test_rmse": [0.2747558832909835, 0.3683392571599694, 0.3629232582839468, 0.32948495699005803, 0.24945222939605874], "test_rmse_average": 0.3169911170242033, "test_rmse_std": 0.04742953814606788, "train_rmse_average": 0.32053591204583476}}