{"Linear Regression": {"train_rmse": [0.24654805819508546, 0.25449726645653437, 0.2539830566749531, 0.20276339161894447, 0.24336777476785124], "test_rmse": [0.2965979419644474, 0.284971395519629, 0.25017110064090237, 0.41214355606398095, 0.28489280315167864], "test_rmse_average": 0.3057553594681277, "test_rmse_std": 0.055424066817757266, "train_rmse_average": 0.2402319095426737}, "Random Forest": {"train_rmse": [0.11649257005813822, 0.10337159522924658, 0.11738621248904718, 0.09161790205701588, 0.10310570862867109], "test_rmse": [0.27326113096937893, 0.23081150390908786, 0.2095592938075153, 0.31363038569238527, 0.18893834809362234], "test_rmse_average": 0.24324013249439794, "test_rmse_std": 0.04493017157096841, "train_rmse_average": 0.1063947976924238}, "Gaussian Process": {"train_rmse": [0.2879806292832875, 0.2818403320412027, 0.17185711046215757, 0.21720896665472944, 0.2754942542423731], "test_rmse": [0.3091605436096485, 0.3468405380828523, 0.26521799408422053, 0.3526103158742838, 0.3035159082044867], "test_rmse_average": 0.31546905997109836, "test_rmse_std": 0.031848037200392226, "train_rmse_average": 0.24687625853675005}, "SVR": {"train_rmse": [0.16738975253839952, 0.17842561012246594, 0.15821261314468882, 0.161821830459466, 0.17725726429178687], "test_rmse": [0.30911081068512186, 0.253610006794701, 0.32503867681489934, 0.36151268649894996, 0.3333640796157995], "test_rmse_average": 0.31652725208189436, "test_rmse_std": 0.03575806420824231, "train_rmse_average": 0.16862141411136142}, "AdaBoost": {"train_rmse": [0.10410864166814109, 0.05916931217138735, 0.09914169613945585, 0.0890917729243942, 0.05820667916138389], "test_rmse": [0.2432229619391125, 0.21354016618965094, 0.3359097891492404, 0.42900055580373614, 0.17642302455424988], "test_rmse_average": 0.279619299527198, "test_rmse_std": 0.09145927549396568, "train_rmse_average": 0.08194362041295247}, "Neural Net": {"train_rmse": [0.32485415800114575, 0.2987255817776293, 0.350425047963571, 0.31691217528298676, 0.3326708378203018], "test_rmse": [0.32732455417893586, 0.4051761856727453, 0.17744473658464655, 0.3604024682093218, 0.29128864948726774], "test_rmse_average": 0.3123273188265835, "test_rmse_std": 0.077191950008825, "train_rmse_average": 0.3247175601691269}}