{"Linear Regression": {"train_rmse": [0.26838560949168133, 0.2792664823542786, 0.26584881893267787, 0.27630912582764006, 0.21377704597384425], "test_rmse": [0.326477355510198, 0.24354236013091515, 0.33747056392956326, 0.3038647033223277, 0.5060821498218657], "test_rmse_average": 0.343487426542974, "test_rmse_std": 0.08754606294507929}, "Random Forest": {"train_rmse": [0.1189323904022437, 0.11512764769413994, 0.12976076146676777, 0.1264753459179067, 0.10644930442748092], "test_rmse": [0.2971243750693314, 0.2752869408305502, 0.26421788009376285, 0.2646594184867083, 0.3506120020825208], "test_rmse_average": 0.29038012331257473, "test_rmse_std": 0.03239501793897112}, "Gaussian Process": {"train_rmse": [0.29669321550236705, 0.30857761271555717, 0.1749787614886109, 0.2985690494236154, 0.2578729467550471], "test_rmse": [0.3398998456564662, 0.3025159295912004, 0.5584638286262096, 0.30989373269897263, 0.40375574259572683], "test_rmse_average": 0.38290581583371514, "test_rmse_std": 0.09476090635518039}, "SVR": {"train_rmse": [0.1576034707053934, 0.17062579312704573, 0.1550788961474108, 0.15720050196682475, 0.16391807775109427], "test_rmse": [0.28842469192403364, 0.26696841007089595, 0.38578363843977037, 0.4013512056973152, 0.4487520542915249], "test_rmse_average": 0.35825600008470804, "test_rmse_std": 0.06930272597403948}, "AdaBoost": {"train_rmse": [0.049555564041586314, 0.031553104428969296, 0.09222382697113542, 0.11121489906955467, 0.0807174020323056], "test_rmse": [0.2541377928457057, 0.38569344450357435, 0.23050745081587679, 0.2689765651155862, 0.35979896953586926], "test_rmse_average": 0.2998228445633224, "test_rmse_std": 0.06134188816362588}, "Neural Net": {"train_rmse": [0.32760619966541626, 0.33950559409292164, 0.33154344150967213, 0.33657005192465905, 0.3502166473100431], "test_rmse": [0.366560770816903, 0.32770349529349135, 0.3606900453019047, 0.34032974780469344, 0.27566657648071663], "test_rmse_average": 0.3341901271395418, "test_rmse_std": 0.032418764785330255}}