{"Linear Regression": {"train_rmse": [0.23556985103976477, 0.2532000225397771, 0.24570532524738378, 0.20064897195634138, 0.2375039854453858], "test_rmse": [0.2888887027875632, 0.21103779249279012, 0.2380976255804752, 0.38549925813779434, 0.26943501036951034], "test_rmse_average": 0.2785916778736266, "test_rmse_std": 0.05970326574144217}, "Random Forest": {"train_rmse": [0.11499826609749803, 0.10836165256149576, 0.10353716889626699, 0.10122162677800946, 0.10019274824969965], "test_rmse": [0.2513165194903221, 0.23673378431127687, 0.23923111626788157, 0.35857152512917373, 0.23569119405822486], "test_rmse_average": 0.2643088278513758, "test_rmse_std": 0.04746050944323427}, "Gaussian Process": {"train_rmse": [0.1641063812493911, 0.2961779223522982, 0.16328158425736217, 0.1478600179386969, 0.1661738889614991], "test_rmse": [0.29286704326504437, 0.3055222186264267, 0.25275079517382554, 0.33721399603500657, 0.2418760989646104], "test_rmse_average": 0.2860460304129827, "test_rmse_std": 0.034938701645409846}, "SVR": {"train_rmse": [0.15476827493758458, 0.19195103290876558, 0.15928084287952074, 0.14233051081214082, 0.15926811887091444], "test_rmse": [0.2896688970131714, 0.24591764627283164, 0.30061067740433045, 0.32523318416461255, 0.24421014810392805], "test_rmse_average": 0.2811281105917748, "test_rmse_std": 0.03162431251103071}, "AdaBoost": {"train_rmse": [0.11230112087232479, 0.10119903822457606, 0.10495026095470926, 0.10948651923340261, 0.07600207996290492], "test_rmse": [0.2703832706679216, 0.2316828868943337, 0.26610744450297413, 0.33029411339854914, 0.2553279401819442], "test_rmse_average": 0.2707591311291445, "test_rmse_std": 0.03265353913719083}, "Neural Net": {"train_rmse": [0.3035668175616211, 0.32808192938085284, 0.3711134912443937, 0.3530066480620819, 0.35474290689006654], "test_rmse": [0.45795354084305306, 0.39296067186906697, 0.17842581517885006, 0.2977455300897069, 0.28866493188410147], "test_rmse_average": 0.3231500979729557, "test_rmse_std": 0.09573423757163864}}