{"Linear Regression": {"train_rmse": [0.2096715028778217, 0.22300392354024678, 0.23492302826432818, 0.1867185124922717, 0.22416407176990863], "test_rmse": [0.2908494737506224, 0.22426355811181298, 0.1483209723546673, 0.34279135398969884, 0.21934520668552043], "test_rmse_average": 0.24511411297846442, "test_rmse_std": 0.0664834729509916}, "Random Forest": {"train_rmse": [0.079941504750001, 0.09659505623689255, 0.09159648171091282, 0.07859207540590474, 0.08310467920947333], "test_rmse": [0.2895834131770158, 0.20045682647849464, 0.12428979237464415, 0.40191799319164684, 0.20267589498853192], "test_rmse_average": 0.24378478404206666, "test_rmse_std": 0.09481553877506513}, "Gaussian Process": {"train_rmse": [0.24248475363609692, 0.21462291819207724, 0.23999351394646135, 0.13901709820144612, 0.22346900238626236], "test_rmse": [0.3495988762652414, 0.2413681357565899, 0.18393603697934255, 0.3704450594708675, 0.23964220659976945], "test_rmse_average": 0.27699806301436214, "test_rmse_std": 0.07117402847392527}, "SVR": {"train_rmse": [0.15358753750442847, 0.15449660413213592, 0.18876343714047522, 0.13535820574538732, 0.16630644225238095], "test_rmse": [0.2897589761225452, 0.2675307552871417, 0.17406541605588455, 0.3754236099982108, 0.20881168364630143], "test_rmse_average": 0.2631180882220167, "test_rmse_std": 0.06960072234977055}, "AdaBoost": {"train_rmse": [0.07939202525396612, 0.11454094480335372, 0.12107534772874451, 0.10397793939132778, 0.0938155877189697], "test_rmse": [0.263479119035742, 0.1879027531338774, 0.1397572099764744, 0.4035943108536838, 0.2255352052079367], "test_rmse_average": 0.24405371964154288, "test_rmse_std": 0.0896707028307819}, "Neural Net": {"train_rmse": [0.29713217404905806, 0.32167622026232545, 0.33677458458437387, 0.335398684076201, 0.33903458482601334], "test_rmse": [0.41710843119303886, 0.3439329634383489, 0.2790880986853828, 0.2860432692461505, 0.26720594877659626], "test_rmse_average": 0.3186757422679035, "test_rmse_std": 0.05587149708439037}}