{"Linear Regression": {"train_rmse": [0.26929287532288465, 0.2514958057103188, 0.26820315047411186, 0.21661875741713096, 0.25536814090412174], "test_rmse": [0.2621881052935692, 0.31553543281211355, 0.2235520303181566, 0.4147295272747042, 0.2873675110121541], "test_rmse_average": 0.3006745213421395, "test_rmse_std": 0.06455315706288282, "train_rmse_average": 0.2521957459657136}, "Random Forest": {"train_rmse": [0.12114610861708303, 0.11474097998352968, 0.10924083415454046, 0.10061161080416967, 0.10814668739708727], "test_rmse": [0.2590055526553646, 0.27273690642951437, 0.15508382495605244, 0.33031433475774724, 0.1950260682023747], "test_rmse_average": 0.2424333374002107, "test_rmse_std": 0.06130807582686072, "train_rmse_average": 0.11077724419128203}, "Gaussian Process": {"train_rmse": [0.2966503937374147, 0.27713200036578906, 0.3065632414096764, 0.15221263336813595, 0.28976906135613734], "test_rmse": [0.28038642915208795, 0.3586829451210156, 0.22733772238261685, 0.3688909909650229, 0.30504495308365415], "test_rmse_average": 0.3080686081408795, "test_rmse_std": 0.05206552563670449, "train_rmse_average": 0.26446546604743065}, "SVR": {"train_rmse": [0.18524823745723365, 0.17497532750925232, 0.154689725771696, 0.14951753804644766, 0.1885417825061372], "test_rmse": [0.2600786015979592, 0.22657957035449314, 0.3685165439338238, 0.3740979789720793, 0.30267126036899344], "test_rmse_average": 0.3063887910454698, "test_rmse_std": 0.05826209264510362, "train_rmse_average": 0.17059452225815336}, "AdaBoost": {"train_rmse": [0.10391670989094692, 0.10137474531925941, 0.07338100772258935, 0.09888515762791852, 0.04841057880792972], "test_rmse": [0.26566455227737973, 0.3093127985502492, 0.1467127304773329, 0.30979198452949236, 0.2274245562828923], "test_rmse_average": 0.2517813244234693, "test_rmse_std": 0.060828468343124324, "train_rmse_average": 0.08519363987372877}, "Neural Net": {"train_rmse": [0.3297488456103906, 0.3025742404087373, 0.34912626380256484, 0.3210088147381561, 0.32969928545722466], "test_rmse": [0.3165505795714437, 0.41311912326891725, 0.20796130917952307, 0.34983761897723165, 0.3140629378766972], "test_rmse_average": 0.32030631377476254, "test_rmse_std": 0.06657447098201312, "train_rmse_average": 0.32643149000341476}}