{"Linear Regression": {"train_rmse": [0.24354636440723001, 0.2235297689716064, 0.24775839940761607, 0.19853097072302667, 0.23208912775119753], "test_rmse": [0.2370529583823288, 0.30292362975794523, 0.20262247649677922, 0.6946073229174428, 0.28068013590606045], "test_rmse_average": 0.3435773046921113, "test_rmse_std": 0.17891145786144183, "train_rmse_average": 0.22909092625213537}, "Random Forest": {"train_rmse": [0.08235992497100345, 0.09313982099025617, 0.0965019710991394, 0.0840418611073334, 0.08558749757027549], "test_rmse": [0.2501572285746572, 0.21549243345882146, 0.14867682201457472, 0.261634894883009, 0.20377772581781478], "test_rmse_average": 0.21594782094977544, "test_rmse_std": 0.03982787512698546, "train_rmse_average": 0.08832621514760158}, "Gaussian Process": {"train_rmse": [0.2781189056655214, 0.23944731072202527, 0.285691872828905, 0.2639593965428849, 0.241016513359608], "test_rmse": [0.2824745143355167, 0.3118960296059124, 0.23823473434865378, 0.3071407004528588, 0.29368855993213017], "test_rmse_average": 0.2866869077350144, "test_rmse_std": 0.026337190281234605, "train_rmse_average": 0.2616467998237889}, "SVR": {"train_rmse": [0.19613461657379114, 0.18222238397719814, 0.2078529223083406, 0.1905856085170765, 0.18569222590727386], "test_rmse": [0.2551304227431215, 0.3099409691745994, 0.21450075587348288, 0.3339787957399952, 0.30283925052700583], "test_rmse_average": 0.283278038811641, "test_rmse_std": 0.04286425679075187, "train_rmse_average": 0.19249755145673605}, "AdaBoost": {"train_rmse": [0.09808575077596063, 0.09977253178826158, 0.11600049254318057, 0.10900728502066928, 0.09501668536674511], "test_rmse": [0.22497119279561098, 0.22194438590105806, 0.14640099711802643, 0.259503201541319, 0.2056445625914244], "test_rmse_average": 0.21169286798948778, "test_rmse_std": 0.03705899600250751, "train_rmse_average": 0.10357654909896344}, "Neural Net": {"train_rmse": [0.34870667936319316, 0.2940173072075156, 0.33301725480729105, 0.31434057267363885, 0.3239758647110298], "test_rmse": [0.19992510425311943, 0.41564357725550205, 0.2835076988415119, 0.3598014068019079, 0.3202330467149407], "test_rmse_average": 0.3158221667733964, "test_rmse_std": 0.07265576005318636, "train_rmse_average": 0.32281153575253374}}