{"Linear Regression": {"train_rmse": [0.22022060673343127, 0.23730051898699445, 0.2483368696308029, 0.2156862044803841, 0.22916305431623915], "test_rmse": [0.6248508553982615, 0.23545951397799325, 0.18617923543044443, 0.3210526922241711, 0.27015611730156247], "test_rmse_average": 0.3275396828664866, "test_rmse_std": 0.155042201712055, "train_rmse_average": 0.23014145082957035}, "Random Forest": {"train_rmse": [0.08904728602195032, 0.07865741620184456, 0.08859182845266958, 0.08459309633830109, 0.07561967666603452], "test_rmse": [0.2019456922170036, 0.19152453321925011, 0.22788352974905943, 0.2141738197988347, 0.22011876829151553], "test_rmse_average": 0.21112926865513265, "test_rmse_std": 0.012957386988806975, "train_rmse_average": 0.08330186073616001}, "Gaussian Process": {"train_rmse": [0.24429892177243473, 0.23954787130489558, 0.241245639681517, 0.2225983314595717, 0.22514857479122719], "test_rmse": [0.2589852729906852, 0.24341719362599895, 0.235014235552463, 0.2998434079544106, 0.27896366759660457], "test_rmse_average": 0.2632447555440325, "test_rmse_std": 0.0236422639212166, "train_rmse_average": 0.23456786780192923}, "SVR": {"train_rmse": [0.19401477702464517, 0.19981704073783504, 0.18875154029345134, 0.19039394770888524, 0.16924617166442557], "test_rmse": [0.24628215006504617, 0.22647278515493882, 0.31130292236538637, 0.31491721305966935, 0.2943154424871166], "test_rmse_average": 0.2786581026264315, "test_rmse_std": 0.03576889514807285, "train_rmse_average": 0.18844469548584847}, "AdaBoost": {"train_rmse": [0.10960284518028993, 0.10415521312948048, 0.11885607763003005, 0.10713754970315832, 0.10491397172028517], "test_rmse": [0.15790519789021223, 0.20871705951143807, 0.22221793883618995, 0.22141047565973987, 0.22517346198949256], "test_rmse_average": 0.20708482677741452, "test_rmse_std": 0.02522987951417808, "train_rmse_average": 0.10893313147264878}, "Neural Net": {"train_rmse": [0.3377655955164707, 0.3143819963313766, 0.3253951814146036, 0.3019498690132987, 0.32142668470382907], "test_rmse": [0.23864221797116947, 0.34343607816794186, 0.2996070791974255, 0.38548359844225616, 0.31627842749356877], "test_rmse_average": 0.31668948025447236, "test_rmse_std": 0.04864434959446841, "train_rmse_average": 0.32018386539591576}}