{"Linear Regression": {"train_rmse": [0.23197011506635626, 0.22332435910624446, 0.2190405666732757, 0.2074654335126411, 0.22611263900722467], "test_rmse": [0.2296223650325647, 0.256034721511082, 0.26990896536184705, 0.3343393332654822, 0.24679348138803126], "test_rmse_average": 0.2673397733118014, "test_rmse_std": 0.035966926410560165}, "Random Forest": {"train_rmse": [0.09279793281282551, 0.10369886453215871, 0.09399975842237059, 0.09126179183325804, 0.09043736812034765], "test_rmse": [0.192450259473366, 0.24837022409500895, 0.25376878730452, 0.3650097783978592, 0.21954018137487286], "test_rmse_average": 0.25582784612912535, "test_rmse_std": 0.05884566812809013}, "Gaussian Process": {"train_rmse": [0.2245648909565907, 0.25843566691923486, 0.21887505438087204, 0.21383003094286132, 0.2327924752173686], "test_rmse": [0.21282343717339547, 0.3418250472255989, 0.25180214305757914, 0.322053337098858, 0.23645106232310684], "test_rmse_average": 0.27299100537570764, "test_rmse_std": 0.05009892074587801}, "SVR": {"train_rmse": [0.1707884297935468, 0.16003419959746587, 0.18185964162158638, 0.15079787623251734, 0.16628298252112292], "test_rmse": [0.22206853709263524, 0.2827897767192936, 0.2936154950437152, 0.30947383786276406, 0.19572464547285728], "test_rmse_average": 0.2607344584382531, "test_rmse_std": 0.04396465852185237}, "AdaBoost": {"train_rmse": [0.11280889861265145, 0.11482998411400304, 0.13316746687432734, 0.09081267816554639, 0.10198864644114283], "test_rmse": [0.20589071157123817, 0.2213918552661957, 0.24211999893353459, 0.3446692093558047, 0.2195711437281983], "test_rmse_average": 0.24672858377099427, "test_rmse_std": 0.050320598885457694}, "Neural Net": {"train_rmse": [0.3286562581281937, 0.2965089004838483, 0.33614293723952615, 0.30090554512593765, 0.3406031572823887], "test_rmse": [0.2909648938250926, 0.40003231021533386, 0.2568974523115877, 0.39836524446798977, 0.2142784578337516], "test_rmse_average": 0.31210767173075105, "test_rmse_std": 0.07514898719843087}}