{"Linear Regression": {"train_rmse": [0.2536535265794139, 0.2795262032864313, 0.2524446878699447, 0.19216533711197462, 0.2632307023673132], "test_rmse": [0.35253067284080436, 0.21705469755688392, 0.3614603483956475, 0.6779258824742319, 0.2995617432209779], "test_rmse_average": 0.3817066688977091, "test_rmse_std": 0.1567577973898166, "train_rmse_average": 0.24820409144301553}, "Random Forest": {"train_rmse": [0.1271742914627044, 0.13121769085776142, 0.09357096569535207, 0.10025029565288861, 0.1102360779992656], "test_rmse": [0.26630626561278015, 0.20981813602054114, 0.3557746209857681, 0.3778284432610244, 0.21492183252044272], "test_rmse_average": 0.2849298596801113, "test_rmse_std": 0.07005549256079874, "train_rmse_average": 0.1124898643335944}, "Gaussian Process": {"train_rmse": [0.1774033270404311, 0.31154702388857003, 0.1307995176065676, 0.19684904556916022, 0.2940710156679144], "test_rmse": [0.656235735776361, 0.271511159778135, 0.35785033937759414, 0.5741516978059517, 0.31363456720193544], "test_rmse_average": 0.43467669998799546, "test_rmse_std": 0.15213031417952327, "train_rmse_average": 0.22213398595452868}, "SVR": {"train_rmse": [0.15664692532376936, 0.1692021055169381, 0.14284482745629248, 0.14938026659183226, 0.17277840538188505], "test_rmse": [0.3090806632417009, 0.29718015240476225, 0.3568526374685728, 0.496239685296418, 0.34472665023291416], "test_rmse_average": 0.36081595772887365, "test_rmse_std": 0.07119019051301437, "train_rmse_average": 0.15817050605414346}, "AdaBoost": {"train_rmse": [0.10616075082876204, 0.0952534767637923, 0.03109635595937958, 0.08447229314603208, 0.049612422635312646], "test_rmse": [0.25823193225036273, 0.3251349033125953, 0.3287915316517584, 0.3737381003373101, 0.2302245650762741], "test_rmse_average": 0.3032242065256601, "test_rmse_std": 0.05188299984479653, "train_rmse_average": 0.07331905986665573}, "Neural Net": {"train_rmse": [0.3038700960862934, 0.35195048593548195, 0.36322301893176967, 0.3227243019996702, 0.3583996763027936], "test_rmse": [0.44931207200836637, 0.2972637629032979, 0.24360460541901838, 0.41611440694201574, 0.24026916888988117], "test_rmse_average": 0.32931280323251594, "test_rmse_std": 0.08744843953860601, "train_rmse_average": 0.3400335158512018}}