{"Linear Regression": {"train_rmse": [0.231436823500116, 0.24017117498533025, 0.23644343058327372, 0.22641851859119352, 0.22684132965904286], "test_rmse": [0.27581913161113364, 0.23789707099671312, 0.25754654454002446, 0.49538668192535285, 0.2964750438690369], "test_rmse_average": 0.3126248945884522, "test_rmse_std": 0.09341865449683555, "train_rmse_average": 0.23226225546379126}, "Random Forest": {"train_rmse": [0.07919921857840574, 0.0750414964864069, 0.08460199995189849, 0.08643438486109198, 0.07364775641212012], "test_rmse": [0.196456778215929, 0.2358232805290989, 0.16668610714449414, 0.2634309465314771, 0.18026138793082874], "test_rmse_average": 0.20853170007036556, "test_rmse_std": 0.03593000294881345, "train_rmse_average": 0.07978497125798464}, "Gaussian Process": {"train_rmse": [0.23844961738040632, 0.23985007788624416, 0.24022609549427731, 0.23765938493216343, 0.21818646571315523], "test_rmse": [0.279718366893048, 0.22934686014791564, 0.25742421989562336, 0.23203624431980444, 0.31459455449647106], "test_rmse_average": 0.2626240491505725, "test_rmse_std": 0.0318219184259941, "train_rmse_average": 0.23487432828124927}, "SVR": {"train_rmse": [0.19541353955340468, 0.1969033976593961, 0.1956139213093607, 0.2034313300637607, 0.17262913216650388], "test_rmse": [0.2679989495135717, 0.24535203315589652, 0.2643657642461414, 0.25754816595002317, 0.3236774092572474], "test_rmse_average": 0.27178846442457605, "test_rmse_std": 0.027068766118593737, "train_rmse_average": 0.19279826415048523}, "AdaBoost": {"train_rmse": [0.10753932347634977, 0.10561380498847243, 0.1209904141099387, 0.11989364994704749, 0.10935487301257872], "test_rmse": [0.20463144795212132, 0.21829140551718826, 0.18644091518968295, 0.24461334063144977, 0.20650816802763666], "test_rmse_average": 0.21209705546361582, "test_rmse_std": 0.019187950728233278, "train_rmse_average": 0.11267841310687743}, "Neural Net": {"train_rmse": [0.33463907331329845, 0.33985760046570446, 0.32995798859854936, 0.33538163780494584, 0.3202003084880728], "test_rmse": [0.32190000279082154, 0.300299971709874, 0.3398501281954784, 0.3172441451090995, 0.37873480288421896], "test_rmse_average": 0.33160581013789847, "test_rmse_std": 0.026719380141975006, "train_rmse_average": 0.33200732173411424}}