{"Linear Regression": {"train_rmse": [0.24630275544466224, 0.2640222380035766, 0.22674986299929933, 0.20798884418103836, 0.23589848462970245], "test_rmse": [0.28068388548317424, 0.18625527506849168, 0.3456338500563311, 0.4307977526063959, 0.3209526528721645], "test_rmse_average": 0.31286468321731153, "test_rmse_std": 0.0801411110212378, "train_rmse_average": 0.2361924370516558}, "Random Forest": {"train_rmse": [0.1224223954711929, 0.10252645888116624, 0.11348740472810068, 0.09840745419135222, 0.12272566785230979], "test_rmse": [0.2746835742068293, 0.3214874317924615, 0.3386700952748755, 0.35270847542820455, 0.23872556307687634], "test_rmse_average": 0.30525502795584947, "test_rmse_std": 0.04240912830198815, "train_rmse_average": 0.11191387622482436}, "Gaussian Process": {"train_rmse": [0.17576115942925644, 0.3034509918584926, 0.12801813235800552, 0.15495126496496636, 0.2028964231469339], "test_rmse": [0.3059031789132671, 0.28699209973027917, 0.37113965346195654, 0.3931561247213671, 0.3344043866035325], "test_rmse_average": 0.33831908868608046, "test_rmse_std": 0.03945849943271038, "train_rmse_average": 0.19301559435153098}, "SVR": {"train_rmse": [0.1605744974128545, 0.19318954373757877, 0.13309621396809726, 0.15593458290616802, 0.16490479236787972], "test_rmse": [0.30585547798824086, 0.2061339251862017, 0.4206452577094416, 0.38128302510716566, 0.35988794817375525], "test_rmse_average": 0.334761126832961, "test_rmse_std": 0.07423236712478788, "train_rmse_average": 0.16153992607851564}, "AdaBoost": {"train_rmse": [0.10502670305310018, 0.06987071148425475, 0.10646775733312659, 0.05082437524082678, 0.09416622685619762], "test_rmse": [0.2631885174949358, 0.26911640716156576, 0.36153413710555327, 0.36933010730131993, 0.25449579715189913], "test_rmse_average": 0.30353299324305477, "test_rmse_std": 0.05081381235280847, "train_rmse_average": 0.08527115479350118}, "Neural Net": {"train_rmse": [0.3385489272229131, 0.32905476290082664, 0.3365658285986939, 0.32767930060289885, 0.3484270764145679], "test_rmse": [0.32732455417893586, 0.3610843953990276, 0.33473925269447974, 0.3727709227745633, 0.2728199490585097], "test_rmse_average": 0.3337478148211032, "test_rmse_std": 0.03471177795722757, "train_rmse_average": 0.33605517914798005}}