{"Linear Regression": {"train_rmse": [0.23038138804671565, 0.2277279256562464, 0.24014211531546822, 0.2173636575597616, 0.2286341432525216], "test_rmse": [0.26255539131944533, 0.40766217553669837, 0.21943629459819372, 0.29857181228319446, 0.26451249454358683], "test_rmse_average": 0.2905476336562237, "test_rmse_std": 0.06371564957652455, "train_rmse_average": 0.2288498459661427}, "Random Forest": {"train_rmse": [0.07393802687327318, 0.08370068085247354, 0.08615926296978448, 0.08146101150556334, 0.07718191922498921], "test_rmse": [0.24160428190524622, 0.1814092824219994, 0.1708896550817304, 0.30593471036223696, 0.16781151049425716], "test_rmse_average": 0.21352988805309403, "test_rmse_std": 0.05341706767826716, "train_rmse_average": 0.08048818028521676}, "Gaussian Process": {"train_rmse": [0.23247187694553967, 0.23622298309539008, 0.24464129442851879, 0.22240857132849917, 0.22514608926524968], "test_rmse": [0.26546565475266837, 0.22126286720429364, 0.2259033234808897, 0.2999440751993382, 0.2751510523383222], "test_rmse_average": 0.25754539459510245, "test_rmse_std": 0.02995990747908479, "train_rmse_average": 0.23217816301263947}, "SVR": {"train_rmse": [0.1823672748863671, 0.19688450172836724, 0.19890327804677008, 0.18857925351810487, 0.17679276126846935], "test_rmse": [0.2880262182731354, 0.22620130649644085, 0.23638476286033622, 0.31165987533488776, 0.2864805681690662], "test_rmse_average": 0.2697505462267733, "test_rmse_std": 0.032802736074827685, "train_rmse_average": 0.18870541388961573}, "AdaBoost": {"train_rmse": [0.09235574127392074, 0.11468780337572909, 0.12033462907089999, 0.1150955877509656, 0.10732787176008823], "test_rmse": [0.2529121412856414, 0.1772726614703148, 0.14573354823764464, 0.3084101682556687, 0.1988357732750009], "test_rmse_average": 0.2166328585048541, "test_rmse_std": 0.057674837657036786, "train_rmse_average": 0.10996032664632072}, "Neural Net": {"train_rmse": [0.33986583981545826, 0.31946952114344784, 0.32350214292748275, 0.29687065840225807, 0.3142739717741992], "test_rmse": [0.22749371533207033, 0.31704054726258124, 0.29980656480212964, 0.39701626641516213, 0.3376604146011512], "test_rmse_average": 0.31580350168261895, "test_rmse_std": 0.05500779660091198, "train_rmse_average": 0.3187964268125692}}